CB,XO
TACCTCGTCAGCTTCC-1,L5_IT
ACATCCCAGACTGGGT-1,L6_IT
CAACGGCCAGAGATTA-1,L6_IT
TATTGGGAGATGCTAA-1,L5_IT
CACACAAAGCTATCTG-1,Vip
GGTTCTCCAGCTACCG-1,L23_IT
AGAGCCCGTACCCGCA-1,Vip
TCACATTAGGTTACAA-1,L56_NP
ATCTCTAGTCGAGCTC-1,L5_IT
GTGAGGAAGTACGAGC-1,L5_IT
AAGCATCGTTTCGACA-1,Sst
GCCTGTTTCGACATCA-1,L6_IT
GGTAACTCAAACACCT-1,Sst
ACGCACGGTATGGAAT-1,Lamp5
CTCAACCAGCGCTGCT-1,L5_IT
GACGTTACACGCTGCA-1,L5_IT
AGCATCATCTAGACCA-1,L23_IT
GAACTGTCAGAAATCA-1,L5_IT
GTTGCGGCACCAGTTA-1,L23_IT
CATTGTTCATACTGTG-1,Lamp5
TCATATCGTAGATCGG-1,L5_IT
TCAGGGCAGACCGTTT-1,L6_CT
AGCTACAAGAACCCGA-1,L5_IT
AAGCGAGAGACGACGT-1,L56_NP
ATCCACCCATATCTCT-1,L6_CT
CAATTTCAGCATCCCG-1,L23_IT
CTCAAGAAGTGGAAAG-1,L5_IT
AACACACAGGAAAGAC-1,L5_IT
TCCTTTCAGCAGTAAT-1,Lamp5
ACACGCGCACCACATA-1,L6_CT
GGGCTACGTCACGACC-1,L6_CT
CTCAAGACATGATCTG-1,L6_CT
TTCCACGAGTGCGTCC-1,L6_CT
CATTCCGAGGAGATAG-1,L5_IT
CAGGTATTCAGAGTTC-1,L23_IT
CACTAAGGTTGGGTTT-1,L23_IT
TTTATGCTCTGCTTAT-1,L5_IT
GAATCACGTAGACAAT-1,L56_NP
GCATCTCGTCGTATTG-1,L5_IT
CGGGACTCAACGGCCT-1,L5_IT
GCAGTTAAGTAAGCAT-1,L23_IT
TCCGATCAGGGCAGAG-1,L5_IT
GAAGAATAGTCATCGT-1,L6_CT
AGGAAATAGATCACTC-1,L23_IT
TTTGACTAGGGATCGT-1,L5_IT
TATATCCAGCTAAGTA-1,L5_IT
CAACCAACACAGCTTA-1,L6_CT
AGAAGCGCAAATGAAC-1,L23_IT
CCTAAGATCCACGTCT-1,L5_IT
CTCAGAAAGTAGGTTA-1,Sncg
GGTAACTAGCGGGTTA-1,L5_IT
TACCGGGGTTAGAGAT-1,L23_IT
TTCTTGATCTAGTGAC-1,L23_IT
AGGAGGTCACACGGAA-1,L5_IT
CTTGAGAAGCGACTTT-1,L5_IT
TACAACGCATACAGAA-1,L5_IT
TCAGTTTCAGCTTTCC-1,L5_IT
AACACACGTACCTATG-1,L5_IT
ACAACCATCATGACAC-1,L5_IT
ACTATTCTCCTGGGAC-1,L56_NP
AGTAGTCGTCCCGCAA-1,L23_IT
ATCGTGACAAGAGAGA-1,L23_IT
CCTTGTGAGTATGCAA-1,L23_IT
CGAAGTTAGCCGTAAG-1,L5_IT
GAGTTTGTCTATGTGG-1,L6_CT
GGGTCTGGTGATCATC-1,L6_CT
TCATCATCACATATCG-1,Lamp5
TCCGGGAAGATTCGAA-1,L56_NP
TGACCCTGTCTGGTTA-1,L5_IT
TGGAGAGAGATCACCT-1,L6_IT
TCAGGGCGTAGATGTA-1,L5_IT
AAAGAACGTTGTGCAT-1,L5_IT
AGTGCCGTCAAACTGC-1,L5_IT
TTCCTAAGTATGGTTC-1,L23_IT
TAACCAGGTAGCACAG-1,L5_IT
AGGGCTCCATAGGTTC-1,L5_IT
ATCTTCAAGACGCCCT-1,L56_NP
CTCCAACTCACGAACT-1,Sst
AGCGCTGTCCGCATAA-1,L23_IT
CTCAGAAAGCAATAAC-1,L6_CT
GAGGCAAAGCAAATGT-1,L5_IT
ATTACCTTCCACCTCA-1,L5_IT
CCACAAAAGCTGCCAC-1,L5_IT
AACCACATCTAGATCG-1,L5_IT
AGCGCCACAGACACAG-1,L23_IT
GGAGATGTCAGGAAGC-1,L5_ET
CACCAAACATGCAGGA-1,L6_CT
GGAGAACGTGGTGATG-1,L23_IT
CACGTTCGTTAGGGAC-1,L5_IT
TGTTTGTAGCATCTTG-1,L23_IT
CGCCAGAAGGTAGTCG-1,L23_IT
CTTCCGAGTCGACTGC-1,L5_IT
AATGACCGTCCTACGG-1,L5_IT
TCACAAGTCATTCACT-1,L6_IT
AGATGCTCAACTTGCA-1,L23_IT
TCAGCAAAGCACCAGA-1,L6_CT
CTCCGATTCAGATGCT-1,Sst
ATTCGTTGTTGTTGTG-1,Vip
TTCCGTGCACTGCATA-1,L5_IT
CATCAAGTCGTTGCCT-1,L5_IT
GAGGGATCACAGACGA-1,L5_IT
ACTTTCAGTGTTCCTC-1,L5_IT
GCGTGCAGTAATGCGG-1,L5_IT
GCCCGAAAGCAACAGC-1,L6_IT
TTCCGGTCACCGCTAG-1,L6_CT
TCTTCCTCACGTCATA-1,L23_IT
TCGGGCAGTTCTCAGA-1,L5_IT
CTGGTCTTCTACCTTA-1,L23_IT
CGGCAGTTCACTCGAA-1,L23_IT
AGCCAATTCTTCTCAA-1,L5_IT
ATTACTCTCCAGTACA-1,L23_IT
CTAAGTGAGGTCCTGC-1,L6_CT
CGGGTCAAGAGAGGGC-1,L23_IT
CGCATAACAGAATGTA-1,L23_IT
AGTAACCTCGCACGGT-1,L6_IT
TGATGCAAGTCTTCGA-1,L6_IT
AGCATCAGTCCTCATC-1,Vip
TTGGGATAGTCCTGTA-1,L5_IT
GTAGCTATCCAACTAG-1,L6_IT
AACAAAGAGTTCCTGA-1,L56_NP
GTACAGTCATTGGATC-1,L6_CT
GAGTGTTGTCGATTTG-1,L6_CT
CATTGTTTCGGTAGGA-1,Sst
CGAGGAACAACAGAGC-1,L5_IT
GAGATGGTCGTAGGGA-1,L5_IT
TCCAGAAAGGTGCGAT-1,L5_IT
TCCTCCCTCTGTACAG-1,L6_IT
TCTCCGACACTTGAAC-1,Sst
GAGTGAGCAGGACGAT-1,L5_IT
ATCGTGATCTGACAGT-1,L6_CT
GAAGTAACAAACACCT-1,L6_CT
ATCACGATCCAATGCA-1,L5_IT
ACTTCGCCATATGAAG-1,L5_IT
GAAGCGATCAACACCA-1,L5_IT
CTGCCTACAAGCAGGT-1,L23_IT
AGTAGTCGTACTGTTG-1,L5_IT
CATTTCAAGGATCACG-1,L5_IT
GATAGCTCATTCTGTT-1,L5_IT
AACTTCTCAGTCTTCC-1,L23_IT
TCGGTCTCACTAGAGG-1,L5_IT
CGTTGGGTCTACAGGT-1,L6_CT
GAAGCGAGTCCGCAGT-1,L23_IT
GCAGCCAGTGGGCTCT-1,L5_IT
TGGGCGTGTGGTTTAC-1,L5_IT
TACGTCCGTGGCATCC-1,L23_IT
CCTCCAACATGCCGGT-1,L5_IT
GAGAGGTGTAGTCGGA-1,L5_IT
GGCTGTGTCCTTCAGC-1,L6_IT
TGCAGTAGTAAGGCCA-1,L5_IT
CATTCATGTAGTTCCA-1,L6_IT
AGTGTTGAGACGCAGT-1,L5_IT
GTCAAGTCAGTCCGTG-1,L23_IT
TTAGGGTCAGCATGCC-1,L23_IT
GGTGGCTAGCAAGGAA-1,L5_IT
TGATTTCGTAAGCGGT-1,L5_IT
CTGCCTATCACACCCT-1,L23_IT
GATGCTAAGATGCAGC-1,L5_IT
CTGCAGGGTGCCAAGA-1,L23_IT
GGAGATGAGCCGTTGC-1,L5_IT
TGGGAAGTCCCGAGTG-1,L5_IT
CGATGGCCAACGCCCA-1,Vip
AGGTCTAAGGAAGTCC-1,L5_IT
CAGATCAAGGGTCAAC-1,L23_IT
TATGTTCCAAAGACTA-1,L6_CT
TCGGATACAACACGAG-1,L23_IT
AACCCAATCCTTCTAA-1,L23_IT
ACGATGTGTACAGAGC-1,L5_IT
ACGATGTTCTAGGAAA-1,L6_CT
ACTTCGCTCTAGTACG-1,L5_IT
CAGATTGAGAAACCAT-1,L5_IT
CCATAAGGTCCTGGTG-1,L5_IT
CCTCAGTGTCTCGGAC-1,L5_IT
CTTCAATTCTCTGCTG-1,L5_IT
GTGTGATCAATTGCGT-1,L6_CT
GTTTACTTCCCTCATG-1,L56_NP
TGAGGAGTCTAGGCAT-1,L23_IT
TGCAGTATCATTTCCA-1,L5_IT
ACGGTCGAGTCGTCTA-1,L23_IT
CCTTGTGGTCAGTCTA-1,L5_IT
CTTCTCTAGTTCCTGA-1,L23_IT
GTGTTCCCAGAGTCTT-1,L5_IT
TGCAGGCGTGATACCT-1,L23_IT
GCAGCTGAGCGTACAG-1,L23_IT
TTGACCCGTTCGGTCG-1,L5_IT
ACCACAATCTACGGGC-1,L5_IT
CTCAGGGAGGTTACAA-1,L5_IT
TTCCTAAAGTCTCTGA-1,L5_IT
TTTACGTAGTCAGAGC-1,L5_IT
CAGCGTGAGAGGTTAT-1,L5_IT
GTCATTTTCATCTGTT-1,L23_IT
GAACTGTGTAGAGACC-1,L5_IT
AAAGGATGTCAAAGAT-1,L5_IT
ACTGCAAGTACTGCCG-1,L5_IT
ATTCACTAGGGAGGAC-1,L5_IT
CTCCACACACATGAAA-1,L5_IT
CCACTTGCAAGGATGC-1,L6_CT
CACAACAGTGTGTGTT-1,L5_IT
AATTTCCCATGTGCTA-1,L56_NP
CTGAGCGCAGTAGTTC-1,L56_NP
TCCCATGCATCCTTGC-1,L5_IT
TCGATTTGTGACTGTT-1,L5_IT
AAAGTCCCACTCCACT-1,Sst
GATGAGGAGTTGGAAT-1,L23_IT
CTCCATGAGGATTCCT-1,Lamp5
ATGACCAAGATGACAT-1,L23_IT
TGTGAGTTCCCGTAAA-1,L56_NP
TGTAACGAGTCTTGGT-1,L5_IT
ATGACCAAGCGAGGAG-1,L6_CT
GTGACGCTCCCTTGTG-1,L5_ET
GTGCAGCAGTGGGAAA-1,L56_NP
CTCCCTCGTGCTGATT-1,L23_IT
CATACCCGTCAACGCC-1,L23_IT
AAGTACCAGCAAATCA-1,L6_CT
GAGTTTGGTGCCCGTA-1,L5_IT
GCTGGGTAGATGAATC-1,L23_IT
TTAGGGTCATCCTTGC-1,L6_CT
GGAATCTAGTCTAGAA-1,L23_IT
AGGTCATAGCACCGAA-1,L5_IT
GAAGCCCTCACAAGGG-1,L6_IT
AGCTACATCCCTTCCC-1,L5_IT
GGGACAAGTTGGTAGG-1,L5_IT
ATCCACCCAGTCAGAG-1,L56_NP
GTGCTGGGTCAAGGCA-1,L6_CT
GTGCAGCCAAAGCTAA-1,Vip
TGCAGTAAGACGTCGA-1,L5_IT
TGAGCGCTCCTCTCTT-1,L5_IT
CTTCCTTAGTAAACTG-1,L56_NP
GTCGAATAGTATCCTG-1,L23_IT
TGCGGGTCAGGAACCA-1,L5_IT
CCACCATGTAAGATAC-1,L5_IT
GACAGCCTCATTGAGC-1,L23_IT
AAGTGAAAGATGGCGT-1,L5_IT
CACATGAGTCTGTGGC-1,L5_IT
GCTGCAGAGCTTAAGA-1,L5_IT
GCTACAAGTAGACTGG-1,Vip
TGCAGGCCAATGGCCC-1,L5_IT
GTTGCGGGTTCTCCCA-1,L6_CT
CTGAATGTCAAGCCAT-1,L5_IT
GACAGCCTCTTCTGTA-1,L5_IT
TGCTTCGCAATAGGAT-1,L23_IT
TCACATTTCATTGCCC-1,L23_IT
CATGCGGGTATCTCGA-1,L5_IT
GGAGATGCAACCCTCT-1,L23_IT
ATTACTCAGTCACTCA-1,L5_IT
GTAAGTCTCAGAGTTC-1,L5_IT
CGCCATTGTTGCTCGG-1,Sst
CATCCACGTAGAGCTG-1,Vip
ATTGTTCAGTGAGCCA-1,L5_IT
CTACCTGCAATCTCTT-1,L5_IT
AACCACATCCGAGGCT-1,L5_IT
ATGTCCCCAAGTTCCA-1,L5_IT
GGCTGTGAGTACTGTC-1,L5_IT
TGAACGTTCGTGGTAT-1,Lamp5
TCATCCGTCGGTCGGT-1,Vip
AGGAGGTTCATAGACC-1,L6_IT
GAAGCCCTCCTTCTGG-1,L5_IT
CTAACCCGTCTGCATA-1,L5_IT
TGGGAAGGTCACTCTC-1,L6_CT
CAATGACGTTAGAGTA-1,L5_IT
TCTTCCTTCCGTGCGA-1,L5_IT
CATCCACGTTACACAC-1,L6_CT
ATGTCTTGTGACAGGT-1,L5_IT
CTATCTATCGTGGGAA-1,L6_CT
CTGGACGCAAATGCGG-1,L6_CT
CTACCTGCACGGGTAA-1,L23_IT
TTTATGCTCATCGACA-1,L5_IT
TGCAGGCGTCACCGCA-1,L5_IT
TTCTAACGTGTGTGGA-1,L5_IT
AGACCATAGTAGACCG-1,L56_NP
GTCTGTCGTTGTTGAC-1,L5_IT
CTCAGAATCGAAGCAG-1,L23_IT
GTAACACCACTCTGCT-1,Lamp5
AGTACTGCATTGCCGG-1,L5_IT
TGGGAGAAGAAGGGAT-1,Vip
GCTGGGTGTCCAAATC-1,L23_IT
TGTAACGCAGGCAATG-1,L5_IT
CATAGACCAGCTAACT-1,L23_IT
CGGTCAGTCATCTATC-1,L56_NP
ATGGTTGAGTGCCAGA-1,L56_NP
ATACTTCCAGCGAACA-1,L5_IT
GGTTGTATCCTCTAGC-1,L5_IT
GTGGGAACAGGATTCT-1,L23_IT
GTAGATCCAGGCTCTG-1,L5_IT
TCTCCGAAGGTACAGC-1,L5_IT
AGTGTTGGTACCCACG-1,L6_CT
TATCCTAGTTCTCGCT-1,Sst
AAACGAAGTCTTGCGG-1,L5_IT
GCCAGGTCATGACTGT-1,L5_IT
CCTCATGGTCTGTAGT-1,L23_IT
CGAGTTATCAGCCCAG-1,L23_IT
TAAGCACGTGCTTATG-1,L23_IT
GGCACGTGTGGCGCTT-1,Sncg
CAGTTCCGTCTCACGG-1,Sst
ACACTGAAGGTATAGT-1,L6_IT
CAATCGAAGCGCCTAC-1,L5_IT
GTAGTACAGCGCCTTG-1,Vip
ACGTACAAGACATAAC-1,L5_ET
TGAGGAGTCGTGGGAA-1,L56_NP
CCTTCAGGTTGTATGC-1,L6_CT
TAAGCCACATGGAACG-1,L5_IT
ATTCTTGCAGTCTACA-1,L6_IT
TTCCGTGGTCTAGGCC-1,L23_IT
AACGAAATCCCTCAAC-1,L6_CT
CTCAATTGTGGTTCTA-1,L5_IT
AGTAGCTAGGGCGAGA-1,L5_IT
AGTAACCCATGCGGTC-1,L5_IT
GAGTGTTAGTGGAAAG-1,L5_IT
AATTCCTCAATTCACG-1,L5_IT
CTCCCTCGTTGCGGAA-1,L6_CT
TTGGGCGCAGAGGAAA-1,L5_IT
ATGATCGGTCGGCACT-1,L23_IT
TGTTACTGTGGACAGT-1,L5_IT
CATAGACGTATGAAGT-1,L23_IT
CTCTCAGTCACGTAGT-1,L23_IT
AGGACTTCACAAAGCG-1,L5_IT
AGTTCCCTCTCTATAC-1,L5_IT
CCGGACAGTGTATTGC-1,L5_IT
CAACGGCCACGTACTA-1,Lamp5
AGCGATTTCCTAGCCT-1,L5_IT
ATACCTTGTCTTCGAA-1,L5_IT
TTCCTTCCAGGACATG-1,L23_IT
ATCCTATAGGTGCCTC-1,L6_CT
GGGTGAATCACAATGC-1,L5_IT
TACACCCCACAGTATC-1,L5_IT
CCTATCGTCCAGGACC-1,Sst
GATCCCTTCTTCGATT-1,L5_IT
TGGAGAGCAACAGAGC-1,L5_IT
GTTATGGTCATCCCGT-1,L6_IT
GTGCAGCCAAAGGGTC-1,L6_IT
GAGACTTCACGTAGTT-1,L23_IT
GTAGCTACAGCAGTTT-1,L5_IT
TTCAGGACAGCGTACC-1,L5_IT
CTACTATCAACGTAAA-1,Lamp5
TCTATACCAGCGTTGC-1,L5_IT
AAACGAAGTGGATTTC-1,L23_IT
GCCAGTGGTCTTACTT-1,L5_IT
GTAGCTAGTTGTCAGT-1,L23_IT
ATCCATTGTTGTGCCG-1,L23_IT
AAACGCTCAATGCTCA-1,L23_IT
GTGTTAGCATCCGGCA-1,L5_IT
TTGTGGACATCGTGCG-1,L5_IT
GACTTCCGTAGATGTA-1,L5_IT
TAGACCAAGACGCCCT-1,L5_IT
CGAGGCTCAGAACTAA-1,L5_IT
ATTTCACAGTCTAACC-1,L5_IT
TGGATGTTCCTACCGT-1,L5_IT
CAGTGCGCATATAGCC-1,L5_IT
ACAACCATCTGCGGAC-1,L5_IT
CGTTAGAGTATCCCTC-1,L5_IT
CAATACGAGCACTCGC-1,L6_CT
AACAAAGCAGCAGAAC-1,Lamp5
AGCGCCAGTCTTGCTC-1,L23_IT
AGTGATCTCGTCGACG-1,L5_IT
ATCCTATAGCACTGGA-1,L5_IT
ATGAGTCGTAATACCC-1,L23_IT
ATGGATCTCCGATCGG-1,L23_IT
CATAAGCAGCGTATGG-1,L6_IT
CTGAATGGTGTCATGT-1,L6_CT
GTGTGGCGTCGAATTC-1,L23_IT
ATCGCCTAGCTACAAA-1,Lamp5
TACGGTACAAAGGCTG-1,L5_IT
TCACGCTCAGTTGCGC-1,L5_IT
TCCCACAAGTCATGGG-1,L6_CT
TCGACGGTCAACCGAT-1,L23_IT
TGGTGATAGTGGTGAC-1,L5_IT
TTTCCTCGTCCGGTGT-1,L5_IT
GTGATGTGTCGGTGAA-1,L6b
TTAGGCATCGGAGCAA-1,L5_IT
ACTACGACATGTTACG-1,Vip
GCCAACGCATATGAAG-1,L5_IT
GGGTGTCTCTTACGGA-1,Lamp5
TCGTGGGCACCGTACG-1,L5_IT
GGCGTCACAGATCCTA-1,L6_IT
AATTCCTCACGACGCT-1,L5_IT
AACCAACTCACAATGC-1,Vip
ATTCACTTCCATTTAC-1,L5_IT
TCCCACAAGTAGAATC-1,L23_IT
GCACGGTTCCACAGGC-1,L5_IT
TCAAGCAAGACGCTCC-1,L5_IT
CAACAACCATGGAACG-1,L5_IT
AAGTCGTAGCGAGTCA-1,L5_IT
TTCACGCCATTCGATG-1,L6_CT
TCTCCGACAATCCAGT-1,L5_IT
CATAGACTCTGTCGCT-1,L23_IT
GGGTCTGGTAACTGCT-1,L6_IT
CAAGACTGTTGGGTTT-1,L6_CT
AGGTCTACATTGACAC-1,L6_CT
TATCTGTAGTAAACGT-1,L6_CT
GTCACGGTCCCTTCCC-1,L5_IT
GTTGTGACAGGGACTA-1,L23_IT
TCTTGCGTCCGATGCG-1,L6_CT
TATTCCACAGAGTCAG-1,L5_IT
TTCTCTCGTTGTAAAG-1,L5_IT
CCTCAGTTCCAACTAG-1,L23_IT
GGGCCATTCTAACGCA-1,L5_IT
CAAGACTCAGGCTTGC-1,Lamp5
CACAACATCTTCCGTG-1,L5_IT
GAAGAATCACCCTAGG-1,L23_IT
CACGGGTTCGAGAGAC-1,L23_IT
AGGTTGTAGAGGTTTA-1,L6_CT
CTCATGCCAAGAGGCT-1,L23_IT
CCCATTGGTTCAAACC-1,Lamp5
AGGTCTAGTGTTAACC-1,Vip
ATTATCCCATCTAGAC-1,L6_CT
AGTAGTCCATGGGTTT-1,L5_IT
AAAGTGACACTCAGAT-1,L5_IT
CATGCGGAGACGGAAA-1,L5_IT
GCCAGTGCACTAGGCC-1,L6_CT
TCCGATCAGCCTCTGG-1,L5_IT
CAGGCCACAAGCGCAA-1,L5_IT
GGTGTTAGTCGTATTG-1,L5_IT
GTTAGACCAGAAGCTG-1,L5_IT
ACAGAAATCTCGGGAC-1,L6_CT
ACGTCCTGTAACCAGG-1,L23_IT
AGAACAATCTTCTGGC-1,L6_CT
ATCCACCTCCAGCAAT-1,L5_IT
CAACGATTCAAATGAG-1,L23_IT
CACTAAGAGCAATAAC-1,L23_IT
CGAGGAATCGATACAC-1,L5_IT
CTGTATTGTGGACCAA-1,L23_IT
GGTGATTGTTTGCCGG-1,L5_IT
GTTGCGGTCCGCAAAT-1,L23_IT
TCAAGCATCGTCAGAT-1,L23_IT
TCGACCTAGGTTCTAC-1,L6_CT
TTTGGAGGTTATGTGC-1,L23_IT
CGTGTCTCACGAGAAC-1,L23_IT
AATGACCCATACGCAT-1,L6_IT
CCGTTCATCGTTAGAC-1,Lamp5
ACAAAGACACATGACT-1,L56_NP
ATTTCACTCCCGTTCA-1,L6_CT
CTTGAGAGTAGGTTTC-1,L5_IT
GTCTAGAAGTTGTCAC-1,L6_IT
ATCGTAGCATACCGTA-1,L5_IT
CATACTTGTAAGTTGA-1,L56_NP
CATCGTCTCCACAAGT-1,L23_IT
CGGAACCGTGACAGGT-1,L5_IT
GACCCTTGTGATTAGA-1,L5_IT
GAGTGAGCAACGAGGT-1,L23_IT
GCTTGGGTCGACCCAG-1,L6_CT
GTGTTAGTCGTCGACG-1,L6_CT
GTTCATTAGTTTGCTG-1,L23_IT
TATTGCTAGATAGCAT-1,L5_IT
TCTACCGGTCATTGCA-1,L23_IT
GTTTGGATCGCCTTTG-1,L5_IT
ACAGGGAAGGATTCAA-1,L5_IT
CCGGTAGGTTCCTTGC-1,L5_IT
CTCAAGACACATAACC-1,L5_IT
CATTGTTGTGTGACCC-1,L56_NP
ACTTTCAGTCGCTTGG-1,L5_IT
AGTACCAGTGCATACT-1,Vip
GTGTAACGTGCGAACA-1,L5_IT
GTAATGCTCGAGCTGC-1,L5_IT
GAATCACAGTATGAGT-1,L6_CT
ACAGAAAAGCTCTATG-1,Vip
CTATCTAAGCCGTTGC-1,L5_IT
CACAGATGTCACAGTT-1,L23_IT
CACGTTCGTGTACAGG-1,L5_IT
GAACACTGTACAGTAA-1,L6_IT
ATCTTCAAGGGACTGT-1,L6_CT
GAGTTACAGATCGACG-1,L23_IT
CGCATGGAGCCAAGGT-1,L23_IT
TCTGTCGCAATTGAAG-1,L5_IT
AGATGAAAGCCTCCAG-1,Lamp5
CCTCAGTTCCCGTTGT-1,L5_IT
GAGTCTAAGGGCTTCC-1,L23_IT
CCGTTCATCATTTCCA-1,L5_IT
GAGTCTATCTCCGTGT-1,L5_IT
ACCTGAATCATGCCCT-1,L5_IT
TTCTTGATCCACTAGA-1,L5_IT
GAACGTTAGCGCCATC-1,L6_CT
AGATCGTTCCGTAGGC-1,Vip
ATGTCTTTCAAGGAGC-1,L5_IT
CGTTCTGCAAATCAAG-1,L6_IT
AAGAACAAGATACGAT-1,L6_IT
CTTTCAAAGTATTGCC-1,L23_IT
ACGATGTCACAGAGAC-1,L23_IT
AGTCACAGTTAGGGTG-1,L23_IT
GTCTACCGTTGACTGT-1,L23_IT
TGCCGAGAGCTCGAAG-1,L23_IT
ATACTTCAGTTACGGG-1,L5_IT
ATCCTATGTCTAACGT-1,L5_IT
CTCATGCGTGGCTACC-1,L6_CT
AGTGATCTCCTCGCAT-1,L6_CT
TCTACATTCAAACCCA-1,L23_IT
GTGATGTGTCTGTGAT-1,L5_IT
GTAGGTTCAGCTGTTA-1,L6_CT
CACGAATGTCCAATCA-1,L5_IT
CTCAGGGTCCCTTGGT-1,L5_IT
TATCGCCGTTGTGTAC-1,Oligo
CGATCGGTCGATTGGT-1,L5_IT
ACAGAAACACACCTGG-1,Lamp5
CATACCCCAGTTGAAA-1,L5_IT
TAACCAGAGAGGATGA-1,L5_IT
GTACAACTCGCCTAGG-1,L5_IT
TCTCACGTCGGAATTC-1,L23_IT
GACCTTCAGTAACGAT-1,L5_IT
GATGATCCACTGAGGA-1,L23_IT
GGTGGCTAGCTGCCTG-1,L5_IT
CGCGTGAAGACCTTTG-1,L5_IT
TTCCTCTGTCCCACGA-1,L5_IT
GTGATGTGTTATTCCT-1,L23_IT
TACGTCCCATATCTCT-1,Lamp5
TGTTCCGGTTAGTTCG-1,L5_IT
TTGGGTACATTAGGAA-1,L5_IT
TGCTCGTGTTGTGGCC-1,L5_IT
ACCTACCCAGGTTCGC-1,L23_IT
AGGGAGTTCAGTGTGT-1,L5_IT
CAGGCCATCCACAGCG-1,L23_IT
TTGGATGGTAGAATAC-1,L56_NP
GGTAACTTCTATCGCC-1,L5_IT
GAGTCATAGAAACTGT-1,L5_IT
CATGCAACACTTGGCG-1,L5_IT
GGCTTGGTCTATTTCG-1,L6_CT
TCACTCGTCCGTGACG-1,L5_IT
TTATTGCAGAACAGGA-1,L5_IT
TCGATTTCAGAGAAAG-1,L5_IT
AATGACCGTCCGAAGA-1,L23_IT
GAGGCAATCGTCGATA-1,L5_IT
GAGACCCTCTGTTCAT-1,L6_CT
TTCATGTCAGATCCTA-1,L23_IT
CCGTAGGAGGTGATAT-1,L5_IT
TCTCCGAGTTTCGATG-1,L6_IT
TCTGTCGGTAGGCTCC-1,L23_IT
TGTAAGCAGTAGGATT-1,L6_IT
GACGCTGTCGGCATTA-1,Lamp5
CGCATAAAGATCGCCC-1,L6_CT
GAGACTTCAATTCTCT-1,L5_IT
ACCTACCGTAACCCTA-1,L23_IT
GACCAATGTTACGATC-1,L5_IT
GGTGATTCACTGCATA-1,L5_IT
AGACCATTCCGACATA-1,L5_IT
TCGTCCAGTGTTGATC-1,L56_NP
CTGTATTGTGACGTCC-1,Vip
AAAGAACTCACCTTGC-1,Vip
GACTGATGTGTGACCC-1,L23_IT
GCGTGCATCAGGACGA-1,L23_IT
GTTGTAGTCTTCGACC-1,L5_IT
CGTAATGCACCCAACG-1,L6_CT
GGCAGTCAGTGCTCAT-1,L5_IT
AGCGTATAGTCACTAC-1,L56_NP
CGTAGTATCGTGTGGC-1,L5_IT
GTGCTGGCAGCACGAA-1,L6_CT
GAGGCAATCGTGACTA-1,L5_IT
ACCAACACATCGTTCC-1,L5_IT
ATAGACCCACTGGAAG-1,L6_CT
GTGGCGTTCACGGACC-1,L5_IT
TTACCGCGTGTCATGT-1,L6_CT
GCCCGAATCACCTGGG-1,L5_IT
AAAGTGAGTCGCCACA-1,L23_IT
TGGAGAGTCTGGGCGT-1,L5_IT
CCTAAGAAGGTAGACC-1,L5_IT
GGGTCACTCAAGATAG-1,L5_IT
CTAGGTAAGTTGCCCG-1,L23_IT
TACCCACGTGACAGCA-1,L23_IT
AACGGGATCATTTGCT-1,Sst
AGGAAATCATCCTAAG-1,L5_IT
TTTGATCAGCACCCAC-1,L5_IT
AATGAAGAGGACAAGA-1,L5_IT
AGGATCTAGATGACCG-1,L6_IT
CACTGTCTCGTCACCT-1,L5_IT
ACTGCAAGTGAGTCAG-1,L5_IT
TTCTGTACAGAGAGGG-1,L23_IT
AGGTCTACAATTTCGG-1,L6_CT
GTAGAGGGTGCTGCAC-1,L5_IT
TCAAGTGCATGGGTCC-1,L5_IT
CTGATCCTCTACTCAT-1,L23_IT
TATTCCATCCCAACTC-1,L5_IT
TTGGGTATCGCACTCT-1,L6_IT
TCCTCTTAGTTGCGAG-1,L5_IT
TTGGGTACATAATGAG-1,L6_IT
AAGACAAAGGTAGCAC-1,L23_IT
ATCACAGGTTCGGTCG-1,L23_IT
CTATCCGAGTAGAGTT-1,L5_IT
CGGGTGTTCCTCCACA-1,L5_IT
CGAGGCTTCACAATGC-1,L5_IT
AGAGAATGTGTATACC-1,L23_IT
AGGATCTAGGCATCTT-1,L23_IT
CATGCCTGTTCGTGCG-1,L5_IT
AGGACGACAATTGTGC-1,L23_IT
CTGCTCAAGGCTTAAA-1,L23_IT
TCTTCCTGTCAACCTA-1,L23_IT
GATCCCTCAGCTGGTC-1,L6_IT
GCTCAAATCTGGGAGA-1,L5_IT
CTTTCAAGTTCACCGG-1,L5_IT
GAGACCCGTCCGACGT-1,L5_IT
TAGGAGGTCGATTGGT-1,L23_IT
TATTTCGCATGAATAG-1,L6_IT
AGGTTACGTGCCTAAT-1,L5_IT
TTACTGTTCAAACGTC-1,L5_IT
CGAGTGCGTTTCACTT-1,L23_IT
AATAGAGCAAATACGA-1,L23_IT
AACCTTTCACTTGACA-1,L6_CT
GCGAGAACAAATGCTC-1,L6_CT
TGATTCTGTCGGATTT-1,L5_IT
TATTTCGCAGTTGAAA-1,L23_IT
TCCTCCCTCCTTTAGT-1,L5_IT
AAGACAAGTTGAGGAC-1,L5_IT
AGGGTTTCACTGATTG-1,L23_IT
TTTGACTCAAGTGCTT-1,L23_IT
CAGGCCAGTCACTGAT-1,L23_IT
CATGGTAAGGTCCCGT-1,L56_NP
ACCAACATCGGCTTGG-1,L6_CT
TGGGAGAGTTTCGCTC-1,L6_CT
TACTTACGTTGCTCCT-1,L5_IT
AGTTAGCGTGTTACAC-1,L6_IT
TGCTTGCGTTGTAGCT-1,L5_IT
AGGGCCTGTTTGTTCT-1,Sst
GGCTTTCCAATTGCAC-1,L5_IT
CATCGCTGTAGGGTAC-1,L5_IT
GATGATCTCTAAACGC-1,L5_IT
CGTAATGCAACACAGG-1,L56_NP
ACAAGCTTCAAACCTG-1,L5_ET
GGTGAAGAGCGACTAG-1,L5_IT
TCTTAGTCAAGTGATA-1,L5_IT
GAGAGGTGTTCCTACC-1,L5_IT
ACTTCCGAGAAGAGCA-1,L6_CT
GCCGTGATCCCGTTCA-1,L5_IT
CACAGATGTACGCTAT-1,L5_IT
ATCACTTCACCTGCAG-1,L5_IT
CATTCCGAGGCTAAAT-1,L56_NP
AACCTGATCCACCCTA-1,L5_IT
GATCCCTCAGGCCTGT-1,Sncg
TAATCTCTCGCACTCT-1,Sst
ATTCCTAGTCTGCCTT-1,Lamp5
GTTCCGTAGAGGATCC-1,Lamp5
TGTAAGCAGGATGCGT-1,L23_IT
CAAGGGAGTGCGGATA-1,L23_IT
TTCTTGAAGACCAAGC-1,L5_IT
AGAGCAGTCATGCTAG-1,L5_IT
CTGCGAGAGAAGATCT-1,L5_IT
TCGGTCTAGAGAGTGA-1,L5_IT
GAATCGTAGGCGACAT-1,L5_IT
CAGTGCGCACTACTTT-1,L5_IT
ACTGTCCCATCGATCA-1,L5_IT
CACGTTCCAACCGTGC-1,L5_IT
TGTTTGTAGGACAACC-1,L6_IT
GGGCTACAGACATCAA-1,L6_IT
TCATGCCCACGAGAAC-1,L5_IT
GTGTAACTCCTCACTG-1,L5_IT
GGTAATCCAAGTATCC-1,L5_IT
AGACCATCACATTACG-1,Lamp5
CCTTTGGGTAAGCTCT-1,L5_IT
GAGAAATAGACTTCGT-1,L6_CT
ATCGGCGTCCATGAGT-1,L5_IT
ATCCTATCATGGGATG-1,L5_IT
AGGGAGTCAAAGACGC-1,L5_IT
CGAGGCTCACAACATC-1,L6_CT
ATCCACCAGGTCACAG-1,L5_IT
CTGAGGCGTTGTGGCC-1,L6_CT
ATTTCACAGAATCGCG-1,L5_IT
AATAGAGCAGTGGCTC-1,L6_CT
GTAGGTTAGCCACTCG-1,L5_IT
GATAGCTGTTTGACAC-1,L23_IT
GTCACTCGTAACGTTC-1,L5_IT
TTCCACGCAACACAAA-1,L6_CT
AGAGCCCCATCGGATT-1,L5_IT
TCAGCCTTCTCGGTCT-1,Sst
TAGACCAGTCTTGAAC-1,L5_IT
ACTCCCAAGAGCCTGA-1,L5_IT
CATCGCTAGTAGTCCT-1,L5_IT
CCCGAAGTCAGTCATG-1,L5_IT
CTCTGGTAGCTGGAGT-1,L5_ET
CCCAACTAGGTTCATC-1,L5_IT
CTTCTAACAATGAGCG-1,L5_IT
GATGGAGGTAAGGTCG-1,L6_IT
CTTCTCTAGTCATCGT-1,L56_NP
AGATAGAAGAGACAAG-1,L5_IT
AATGGAAAGTCTGGTT-1,Sst
ACATTTCGTATCGCGC-1,L5_IT
ACCCTCATCGGCCCAA-1,L5_IT
ACTATTCCAACCGCCA-1,L6_CT
AGACAAAGTCAAGTTC-1,L5_IT
AGACACTGTGAACGGT-1,L6_IT
AGAGAGCTCTGGCCAG-1,L5_IT
AGCGTATAGTATAACG-1,L5_IT
AGGCTGCGTCGCTCGA-1,L5_IT
AGGTCATGTTGGGACA-1,L5_IT
ATCACTTTCACGTAGT-1,L5_IT
ATGGGTTAGTTACGAA-1,L5_IT
ATTCACTAGTGAGGCT-1,L6_IT
CACTGGGCACTTGGGC-1,L5_IT
CAGGCCAAGCAACTCT-1,L5_IT
CATCGCTTCAAGTCTG-1,L5_IT
CATTTCAAGTCTCCTC-1,L23_IT
CCATCACGTAGACACG-1,L5_IT
CCGGTAGTCTTGGGCG-1,Vip
CGAGAAGGTGGTTTAC-1,L5_IT
CGGTCAGCACTCACTC-1,L23_IT
CGTAATGCAATTTCCT-1,L23_IT
CTACTATGTAGAGATT-1,L6_CT
CTATAGGTCGCCATAA-1,L5_IT
CTCCACACAATACCCA-1,Lamp5
CTGCTCAAGCCTATTG-1,L5_IT
CTGGCAGCAATACGAA-1,L5_IT
GAGATGGAGGTAGGCT-1,L5_IT
GATAGCTGTGAATATG-1,L5_IT
GATTGGTCACATGTTG-1,L6_CT
GCCAGCACAATGAGCG-1,L5_IT
GGAACCCCACCTGCAG-1,L6_CT
GGACGTCTCGCAGAGA-1,L6_CT
AAATGGAAGTGACACG-1,L23_IT
AACCACAAGACCGTTT-1,L56_NP
TTCCAATCAGACCCGT-1,L23_IT
AAGACAATCCGTGCGA-1,L5_IT
CCCGGAAGTGTGAGCA-1,Lamp5
TCATACTTCTTTGCTA-1,L6_CT
CCAATTTTCTAACGCA-1,L23_IT
GTCAGCGCACCGGCTA-1,L5_IT
AGGGTTTAGCGATGAC-1,L5_IT
AGACAGGGTCGCCACA-1,L6_IT
CCCTAACTCGGTAGGA-1,L5_IT
TACACCCTCCGTAGGC-1,L5_IT
CAACGATCAAACTAAG-1,L6_CT
AGCATCAGTGTCCGTG-1,L6_CT
CGTGTCTGTCAAATCC-1,L5_IT
TGCATCCCACCTGATA-1,L5_IT
ATGGGAGAGATGAATC-1,L5_IT
GCAGTTACACCCTTAC-1,L5_IT
TTACCATCATCCGAAT-1,L23_IT
GACTGATTCCTAGCGG-1,L23_IT
AGAACAACACGCAAAG-1,L5_IT
GCCAGCATCAAACGTC-1,L6_CT
TTGCTGCAGGATTACA-1,L5_IT
AAAGGTAGTCGCCACA-1,L6_IT
TCCACGTGTCCACTCT-1,L5_IT
CAAGCTATCCCTCTCC-1,L56_NP
TCATGAGCAGGATTCT-1,L23_IT
AGCCAATAGCGACTTT-1,Sncg
GACTCAAGTTAAACCC-1,L6_CT
GGTAATCTCTTGCAAG-1,L5_IT
CAGTTAGAGGGAGATA-1,L6_CT
GTTACCCCATTCGGGC-1,L56_NP
AGGCATTGTGCCCAGT-1,L5_IT
TAACTTCAGGTAGTAT-1,L23_IT
CTTTCAACAACTCGAT-1,L6_IT
TCGAACATCCATACAG-1,L5_IT
ACTGATGCAGCACACC-1,L5_IT
ACGGAAGTCCGCCTAT-1,L5_IT
AGGTTGTTCGAATCCA-1,L5_IT
TCGGGACCATGACCCG-1,L23_IT
TGTTCTATCAGTGTCA-1,L6_CT
CTGTACCGTGAGCTCC-1,L23_IT
ATGGTTGTCTCTATGT-1,Vip
ACTGATGCAATAGAGT-1,L23_IT
TGCGATATCTCCCATG-1,Lamp5
TCCTCGAGTAGGTACG-1,L23_IT
CAACCTCGTATCTCGA-1,L5_IT
ATTCCTACAAGAGGCT-1,L6_IT
TACCGAACATGGGTTT-1,L5_IT
CCCTGATCAAGCCTGC-1,L6_IT
TGACGCGGTTATCCAG-1,L5_IT
AGCCAATGTGTATACC-1,Lamp5
ATCACTTTCATAGGCT-1,L5_IT
AACCAACAGCGCCATC-1,L6_CT
AGGCATTAGTAAACAC-1,L5_IT
CCTGTTGTCTCTCAAT-1,L5_IT
GAATCGTAGCGCACAA-1,L6_CT
GGCTTTCGTTGGCTAT-1,L5_IT
CGTTAGAGTGTCGATT-1,L6_CT
ACCATTTCATATCTGG-1,L6_CT
CTTCCGAAGACGACGT-1,L5_IT
GTTACAGCAGGTAGTG-1,Lamp5
ACCTGAATCGGTAGAG-1,L23_IT
GCAACCGGTTCCCAAA-1,L5_IT
ATCCGTCGTAACCCGC-1,L5_IT
CTCAGGGGTGAGTTTC-1,L6_CT
CACGGGTCAAAGGGCT-1,Vip
CGATGGCTCAAGGAGC-1,L5_IT
GTAACACGTACTGGGA-1,L23_IT
GTTGAACGTAATGCGG-1,L5_IT
CTGGACGGTCGAGATG-1,L6_CT
CTACATTTCATGGCCG-1,L6_CT
TATTCCAGTCTTGAAC-1,L5_IT
GCTGAATAGCCGATAG-1,L5_IT
CTCCCTCCACGCGGTT-1,L5_IT
TCGATTTTCTGATGGT-1,L5_IT
CATCGTCTCCGACAGC-1,L5_IT
TGTTGAGGTACCGGCT-1,L6_IT
CAACAACCATCGCTCT-1,Lamp5
TAACGACCAAAGGGCT-1,L5_IT
CCACACTCAACTTGGT-1,L23_IT
GATCAGTTCGGACTTA-1,L5_IT
TCGCAGGCATGAAGGC-1,L6_IT
ATCTCTACATATGGCT-1,L5_IT
CAGCGTGCAAAGGATT-1,Sst
ATGGGAGTCCCAACTC-1,L5_IT
TGCATCCAGGCTCAAG-1,L6_IT
CCTCCTCAGTTCTCTT-1,L5_IT
AAGTCGTCACCACTGG-1,Vip
TCACTATAGAATTTGG-1,L23_IT
CCCTGATGTTGTTTGG-1,L56_NP
AAGTGAACAGAACTAA-1,Lamp5
CCACACTTCATGGCCG-1,Lamp5
AACACACTCCGCTAGG-1,Vip
CCCTCTCAGGTCGTGA-1,L5_IT
TGCTCCATCCATTCGC-1,L5_IT
TATCTGTTCTGTAACG-1,L23_IT
CTGCGAGCATTCTTCA-1,Lamp5
TATCTTGAGACGACGT-1,L6_IT
CGAATTGTCGAGAGCA-1,L5_IT
ATGGTTGCACCATATG-1,L56_NP
TATACCTTCTCAGGCG-1,L23_IT
GCAGCTGGTTCTCGCT-1,L56_NP
AGGCTGCAGCGGATCA-1,L23_IT
TCAATCTTCTAGCATG-1,L6_CT
AGACTCACACTAACCA-1,L5_IT
AATAGAGTCCCTTGTG-1,L6_CT
GAAGCCCCACAACGTT-1,L23_IT
GTGCACGCAGCATGCC-1,Lamp5
ATACTTCTCTAGCCAA-1,L5_IT
CCGGACAAGTCACGCC-1,L23_IT
CCTAAGAGTCTCACGG-1,L6_CT
GACTGATGTAACACCT-1,L5_IT
GCCCGAAAGCAAGTCG-1,L6_CT
GGCACGTTCCGAGTGC-1,L6_CT
GGCTGTGAGAGGGTGG-1,L5_IT
GTAATGCGTAAGCGGT-1,L6_CT
TACAACGCACGTAACT-1,L5_IT
TTCTTCCGTAAGCTCT-1,L5_IT
TCCTGCAGTCGAAACG-1,L23_IT
TCCCAGTAGAGAATCT-1,L23_IT
AACACACCAGTTTCAG-1,L6_CT
GTCTAGAGTATACGGG-1,L6_CT
GCTACCTGTTGTGGAG-1,L5_IT
CACAACAGTTACGGAG-1,L5_IT
ATTCACTAGTGGAAAG-1,L5_IT
GCCGTGAAGACGCCAA-1,L5_ET
GTAATGCGTAAGCTCT-1,L6_CT
TTGTTCATCGACCTAA-1,L6_CT
AGCATCATCATAGAGA-1,L5_IT
TGACTCCTCGCTAGCG-1,L23_IT
TCGGGACTCCCGTGAG-1,L6_CT
CTTTCAAGTGGGTATG-1,L5_IT
TGGAGGAAGCGTCAAG-1,L5_IT
TGATTCTGTTCAACGT-1,L6_CT
ACTTCCGGTTACTCAG-1,Lamp5
AGATAGACACAGCCAC-1,L6_CT
CAGTTCCGTTTACCTT-1,L5_IT
TTGGGATAGGGAGATA-1,L5_IT
TGAGGAGTCATCGCTC-1,L23_IT
GTGTCCTGTCATGACT-1,L5_IT
CTCACTGGTATCGAAA-1,L5_IT
GTAGAGGCACTCTAGA-1,L6_CT
GCCAGGTCACTTGGCG-1,L5_IT
TTGAACGGTTAAACCC-1,L6_CT
GAGGCAACAAGCAGGT-1,L6_CT
ACCTGAAGTGGTTTGT-1,L5_IT
TGTCAGAGTTCCTAGA-1,L6_IT
ACTTATCTCCATAGGT-1,Vip
TCATCCGCATCCTATT-1,L5_IT
TAGAGTCGTCACAGAG-1,L5_IT
TAGATCGAGTGAATAC-1,L6_IT
GTCCACTTCCTAGCGG-1,L5_IT
ACCAACAAGGTACTGG-1,L6b
TTACGTTTCCATACTT-1,Lamp5
CGAGAAGAGTGCAGCA-1,L6_CT
TGTTCTAAGCATTTGC-1,L5_IT
CGCAGGTAGTAACGAT-1,L6_CT
CATGGATGTACAGTAA-1,L23_IT
TAGGTTGGTAAGGTCG-1,Lamp5
ATCCGTCGTATGAGAT-1,L5_IT
ATTGGGTCATTCAGCA-1,L6_CT
GGAGGTAGTCCAAAGG-1,L23_IT
AAGCCATCAGATCCAT-1,L23_IT
GTGCTGGCATAACAGA-1,Lamp5
GCGGATCGTTGATGTC-1,L23_IT
ACACAGTTCAATCCGA-1,L5_IT
GGGTTTAAGCGCCTAC-1,L5_IT
CGGGCATAGAAACACT-1,L23_IT
TTACCGCTCAACCTTT-1,L5_IT
TGCGACGGTACCCGCA-1,L5_IT
CTCATCGTCCTTACCG-1,L5_IT
CCCGAAGGTCTCCCTA-1,L5_IT
ACTCTCGTCCATAGGT-1,L23_IT
TTCCACGCACGCTGAC-1,L23_IT
TTGGTTTGTAACAGTA-1,L56_NP
AGATCCATCGCTCCTA-1,L5_IT
AGGACGAAGGTAATCA-1,L5_IT
AGGGTTTAGTGCCTCG-1,L5_IT
ATCGTGATCTTGAGCA-1,L5_IT
CCACTTGCACTCAAGT-1,L5_IT
CCGGGTATCGAATGCT-1,L5_IT
CGGGTCATCAGCACCG-1,L23_IT
CTAGGTATCGAGAGCA-1,L6_CT
GAGTCATCAGAACTTC-1,L5_IT
GTTATGGTCTCAGAAC-1,L6_CT
TCTCACGCAGACTGCC-1,Vip
TCTTGCGGTCCGGTGT-1,L5_IT
TGCAGATTCTGCGGGT-1,L56_NP
TGGTACACAACCCTCT-1,Sncg
TTCTGTACAGAGGGTT-1,L5_IT
TTTGGAGTCGACCATA-1,L6_CT
AGACAGGCACACCGAC-1,L23_IT
AGCGATTCAGCTGCCA-1,L5_IT
CACAGGCAGCTGTTCA-1,L5_IT
CGGGTGTCAACCTAAC-1,L23_IT
CGTAATGTCGTGGGTC-1,L5_IT
GGCAGTCTCACCTGTC-1,L5_IT
AGGTAGGTCGAGAAGC-1,L6_IT
CATTCCGCAGGTTCAT-1,L23_IT
AGGGAGTGTCGCGTTG-1,L23_IT
GGTTCTCCAGGCCTGT-1,L5_IT
ACCAACATCTCGTTTA-1,L6_CT
GATCACAGTAGCTGCC-1,L5_IT
TTACTGTCATTGCAAC-1,L6_CT
TGTTTGTAGACATATG-1,L5_IT
CACCGTTGTAGCACGA-1,L5_IT
CTGCCTATCTCTGGTC-1,L6_IT
GTACAGTCACCCTATC-1,L5_IT
AACGGGAAGGGCTAAC-1,L5_IT
AGGATCTGTGACAACG-1,Lamp5
AGAGCAGGTAAGAACT-1,L23_IT
GCCATTCTCCAGGACC-1,L5_IT
CTCAATTCAAAGGCGT-1,L6_IT
CCCTCAAGTAGGTCAG-1,L5_IT
TCTCAGCAGTTCATGC-1,L5_IT
TGCTTGCTCGAAGCCC-1,L5_IT
CTCAGTCAGCTGGCCT-1,L6_CT
ATCGGATGTATGCGTT-1,L5_ET
CTCAACCGTAAGATCA-1,L23_IT
TCGAAGTCACCCAACG-1,L23_IT
ATCGTAGAGACCCTTA-1,L5_IT
TTTATGCTCCTACAAG-1,L6_CT
ACCCAAACAACGGGTA-1,Vip
ATACCTTGTACTTCCC-1,L23_IT
GTCCACTGTTATAGCC-1,L5_IT
TGATCAGAGTATTCCG-1,L23_IT
ATTGGGTTCCTACACC-1,Lamp5
GATCAGTCAAAGGATT-1,Vip
AGACTCACAGGAAGTC-1,L5_IT
ACTATCTAGACGCTCC-1,L5_IT
GAACTGTCAGCGGTCT-1,L5_IT
GCCAGTGCATCGGATT-1,L5_IT
GGATGTTAGTCAATCC-1,L5_IT
CTGAATGCAGGTACGA-1,L56_NP
TTTCATGGTCGACTTA-1,L5_IT
GAGAGGTCATCACCAA-1,L5_IT
GGAGAACGTACCTAAC-1,L5_IT
AGCCAGCGTCGTCAGC-1,L23_IT
ACATGCAGTTCTCTCG-1,Lamp5
AAGCGAGTCGTAGGAG-1,L5_IT
AATGACCCAATCTAGC-1,L5_IT
ACCTACCTCCATTTAC-1,L23_IT
AGGGCTCAGATTCGCT-1,L23_IT
AGGGTCCAGAGCCGAT-1,L5_IT
AGGGTCCGTTGTAAAG-1,L5_IT
AGGTTGTGTTGCGGAA-1,L5_IT
ATGACCAGTGTGTACT-1,L6_CT
ATGAGTCTCGTCCTCA-1,L5_IT
CCGATCTTCTCATTTG-1,L5_IT
CTCTCGACAAATCCCA-1,L5_IT
GCGTTTCGTTAAGAAC-1,L5_IT
GGGTCTGGTCGCATGC-1,L5_IT
TACTTACAGTAACGTA-1,L23_IT
TATCGCCCAGGGACTA-1,L5_IT
TATTTCGGTAGGGAGG-1,Vip
TCACGCTCAACGCCCA-1,L5_IT
TCCGATCTCGGAAACG-1,L5_IT
TCTCAGCAGCTTAAGA-1,L23_IT
TGGGCTGCAAGAGTTA-1,Vip
TGGTGATGTGCGGTAA-1,L23_IT
TGTGTGATCGACGTCG-1,L5_IT
TTCCACGCAGCTGTCG-1,L5_IT
TTCCTAACATGTGTCA-1,L23_IT
TTTATGCCAGTCAACT-1,L5_IT
AATCACGCACCCGTAG-1,L5_IT
AGTAACCCAAACACGG-1,L5_IT
GGCTGTGCAACACAAA-1,L5_IT
TTCAGGATCCGCAGTG-1,L6_CT
AGTTCCCCAAACGAGC-1,Vip
TGAATGCGTAGCTTAC-1,L23_IT
GCGGATCAGTTTGAGA-1,L5_IT
GCTACAAAGAGGGCGA-1,L5_IT
TCATACTCATGACGAG-1,L5_IT
TGAACGTCAATCCAGT-1,L6_IT
AGGGAGTTCAGGGTAG-1,L6_CT
GACAGCCTCCAGTGCG-1,L23_IT
GTTCCGTCACGCAAAG-1,L5_IT
TTTGGTTTCCATTGCC-1,L5_IT
TCATTTGTCGGTAACT-1,L23_IT
GGAACCCTCCGCAACG-1,L6_IT
GAGTTTGAGAAGCGAA-1,L5_IT
CAGCACGGTGGTTTGT-1,L5_IT
TAGGTTGCAAATCGTC-1,L5_IT
AATTTCCCAGCAGTGA-1,L56_NP
TGTCCACAGCAATAAC-1,L6_CT
TCAAGACGTTCAACGT-1,L23_IT
TCCATGCGTAAGGCTG-1,L23_IT
GATCGTAGTCTTCTAT-1,L56_NP
TACACCCAGTTGCCTA-1,L6_CT
AGAAGTACAAATAAGC-1,L6_CT
ATGGAGGGTAGCCAGA-1,L23_IT
GCGTGCAGTTTCGTGA-1,L5_ET
GAAGTAAGTTAAAGTG-1,L5_IT
CATCGCTTCATTATCC-1,L56_NP
AGGGCCTCATGGAAGC-1,L5_IT
TCTGGCTTCTTGAACG-1,L5_IT
GTGTGGCGTATAGGAT-1,L5_IT
TCTCACGCAATTGAAG-1,L5_IT
GTGAGTTTCGCACGGT-1,L5_IT
GTCGCGATCGATTGAC-1,L5_IT
GAACACTTCCTGGTCT-1,L6_CT
AGCCAGCTCGTTCCTG-1,L6_CT
CGAGTTAAGATAGGGA-1,L23_IT
TGACCCTTCTCGCCTA-1,L5_IT
GGAACCCTCGTAGGGA-1,L5_IT
TCATCCGGTAAGCAAT-1,L23_IT
AGGATAATCGGTATGT-1,L5_IT
CAATGACGTTCGGTTA-1,L5_IT
CAATGACCAGTAGGAC-1,L23_IT
GAAGGGTGTAGTCGGA-1,L23_IT
ATGCCTCTCTAGAGCT-1,Vip
GGAGGATAGCACAAAT-1,L23_IT
CTCCTCCAGTTCCATG-1,L5_IT
TGCAGGCAGAGCCGAT-1,L5_IT
ACCAACAGTTGCGAAG-1,L6_CT
GACATCAGTACCTAGT-1,L5_IT
TCCGATCAGGTCACCC-1,L6_IT
ACGTAGTTCATCACAG-1,L5_IT
GCCAGCAAGCCATGCC-1,L5_IT
TGAGACTAGCAGTAAT-1,L5_IT
CATACTTTCACCTCAC-1,L5_IT
GATCATGGTGATGGCA-1,L5_IT
GGGCCATGTCACCACG-1,Lamp5
TTCATGTAGGGAGGAC-1,L6_CT
CAATGACAGAAACTCA-1,L23_IT
TGTCCACGTATCAGGG-1,L23_IT
TCAATCTTCACTGTCC-1,L5_IT
TTTGACTGTTTGTTCT-1,L5_IT
CCGGACACATCGTCCT-1,L6_CT
GGTCTGGGTACGTAGG-1,L5_IT
GATTCTTTCTAAGCCA-1,L6_CT
GTCTACCGTCCCGCAA-1,L5_IT
TGAGACTAGGTGCGAT-1,L5_IT
ACATTTCTCACGTCCT-1,L5_IT
ATCGGATGTGTTGACT-1,L5_IT
CCCTAACGTTCCCACT-1,L5_IT
CTCAGAAAGTCATAGA-1,L5_IT
GGGCTACCACGAGGTA-1,L5_IT
AGGCCACGTCGAAGCA-1,L5_IT
ATTTACCTCTGCACCT-1,L5_IT
GAAGAATTCAGCTCTC-1,L5_IT
AGTCATGGTACGCGTC-1,L6_CT
CGGGTGTCACGTCGGT-1,L5_IT
GCACGGTAGTGAGTGC-1,L23_IT
CCTACGTGTCTCTCAC-1,L6_IT
TGTCCTGGTACCGCGT-1,L5_IT
TTACCGCAGCTTCTAG-1,L6_CT
CTACGGGGTTAGGGAC-1,L5_IT
TGCATGATCTCTCTAA-1,L5_IT
TTGTGGAAGTAACCGG-1,L5_IT
CTGTAGACAAATACGA-1,L6_IT
ACTTTCAGTGCATCTA-1,L56_NP
CAATGACCATGGCTGC-1,L5_IT
GCCGATGAGAGGCCAT-1,Sst
TCCTAATAGATTGACA-1,L5_IT
ATGGAGGGTGCACGCT-1,L5_IT
CAATTTCGTATGGAGC-1,L5_IT
TCGTAGAAGTGGCCTC-1,L23_IT
TGGTAGTAGAAATCCA-1,L5_IT
CCACGAGGTTAAACCC-1,Vip
CACAGATAGGTCTGGA-1,L5_IT
CATCCACGTATCTCTT-1,L5_IT
CGGAGAACAGCGTAGA-1,Lamp5
CATGAGTGTGGAACAC-1,Vip
CAGGCCAAGAAGTCAT-1,Vip
TACTTGTCAATTGCTG-1,Vip
TCGCTCAAGTAAACGT-1,Lamp5
CACTGAACAACCAACT-1,Vip
GAGTGAGCAACCGGAA-1,L6_CT
CGGCAGTCATCATGAC-1,Vip
TCATGCCTCTTCGCTG-1,Vip
TCATTTGCAAGGCTTT-1,Vip
CTCTCGAAGTCGAAGC-1,L23_IT
TATTGGGTCTACGCGG-1,Vip
CTACATTGTCTTCATT-1,L23_IT
TTAATCCGTGACTCTA-1,L5_IT
AGGTCTACAGCAGACA-1,L5_IT
TATTTCGCACAAACGG-1,L5_IT
CGCGTGACACAACATC-1,Lamp5
CCGGTGAGTACTCGTA-1,Lamp5
AATCGACGTATAGCTC-1,L5_IT
AGGTGTTCAGAATGTA-1,L5_IT
ACGCACGGTACAGTTC-1,L6_IT
GTGGAGAAGAGTCTTC-1,L23_IT
CACTGGGTCGGCTTCT-1,L5_IT
CTTAGGAGTGCCGGTT-1,L5_IT
GTTCTATGTGTCATTG-1,Lamp5
TAGAGTCAGTATTAGG-1,L5_IT
TGCTTGCGTGGACTGA-1,L23_IT
ATGGAGGGTTCCTAGA-1,L5_IT
CGGAACCTCTGGGCGT-1,L5_IT
AGACAGGAGGAACGTC-1,L56_NP
GATCGTACACAATGCT-1,L5_IT
ATCGCCTAGGCTTTCA-1,L5_IT
TTCATTGGTCCTGTCT-1,Lamp5
GCTTCACGTATCGTGT-1,L6_IT
CCTCCTCGTTGCAAGG-1,L6_IT
GCAGCCACAGGTCCGT-1,Lamp5
TATCTTGCAGCTGTTA-1,L23_IT
CTAGACATCCTCCACA-1,L5_IT
AATTCCTCACGTACAT-1,L23_IT
CCCATTGAGACATATG-1,L23_IT
GTAGATCAGCCGTAAG-1,L5_IT
GATCATGCAGCACAAG-1,Lamp5
CGTGATACATTACTCT-1,L23_IT
TCATTCAGTCTAGTGT-1,L5_IT
GATGCTATCCTCACTG-1,L5_IT
CTCTGGTCAAGCGATG-1,L23_IT
TGTCCTGGTGGACCAA-1,L5_IT
CAGTTCCCAAACTCTG-1,L5_IT
GTAGAGGGTCCCTCAT-1,L6_CT
ATGGATCAGCGAGGAG-1,Oligo
CTCCAACCAGCGAGTA-1,L23_IT
CATTGTTGTGTTCATG-1,L5_IT
TGCGGGTCATGAAAGT-1,L6_CT
GAACTGTAGTGCCTCG-1,Vip
CTCTCAGGTAACTTCG-1,L6_CT
GATAGAACAGCACCCA-1,L5_IT
AGAAGTATCATTGGTG-1,L5_IT
GGCACGTCAAGCGCTC-1,Sst
CCATAAGTCCCGAACG-1,Vip
AATAGAGCAACTCGAT-1,L23_IT
CGTCAAATCGTTGCCT-1,L5_IT
CCGTAGGCAACCACGC-1,L23_IT
CTACCCATCTTACTGT-1,L23_IT
GATCCCTAGTTCCAGT-1,L5_IT
GATCGTAGTGGGACAT-1,Vip
GTCATTTCAAACGGCA-1,Lamp5
ACACCAACATCGGAGA-1,Sst
TTTCAGTTCAGATGCT-1,L5_IT
CCGGTAGAGAGCAGCT-1,L56_NP
CTCTGGTGTCGCTTGG-1,L56_NP
TAGGTACGTCGTACTA-1,L6_CT
GAAGGGTGTATCGTAC-1,L23_IT
AACCAACAGTCACTAC-1,L6_CT
TGTTGAGGTGACTCGC-1,L23_IT
GCCATTCCAGATACTC-1,L6_CT
TCATCATTCAGGTGTT-1,L5_IT
ACATCCCTCGATACAC-1,L5_IT
GTCAAGTTCACCTCAC-1,L5_IT
TCGCTTGCAATGTGGG-1,L6_CT
ACTTCGCCAGCGGATA-1,L6_CT
CATGCAATCTGCACCT-1,L6_CT
TACTGCCAGCTCTATG-1,L5_IT
AAACGCTAGCGATGGT-1,L6_CT
AATCACGTCCATACTT-1,L5_IT
ATCCACCCAGTGTGGA-1,L6_CT
CATCGTCGTTATAGAG-1,L5_IT
GTGTGGCAGGACTAAT-1,L5_IT
TATCTTGAGCCAACCC-1,L6_CT
ATGGTTGCAGAAGTTA-1,L6_CT
CAGTTAGGTTATGTCG-1,L6_CT
GCATGATCACCGAATT-1,L6_CT
TCGACCTAGATTGACA-1,L56_NP
AAACGAACACCTAAAC-1,L56_NP
ACAGGGAAGAATTGCA-1,L5_IT
ATCACAGGTGACTATC-1,L6_CT
CAATGACTCACGGGCT-1,L6_CT
CGGGTCATCCATTTGT-1,L5_IT
ACTACGACATAACCCA-1,L5_IT
GGTTGTAGTCAAGCGA-1,L6_CT
TTTAGTCAGAGTGGCT-1,L5_IT
CGGCAGTCACTGATTG-1,L5_IT
CACGTGGGTGTTTACG-1,L23_IT
ATACTTCCACAACATC-1,L5_IT
GGATCTAGTGAGTAAT-1,L6_CT
ATCACGATCATACGAC-1,L5_IT
TCTATACGTTGTACGT-1,L6_CT
TCATTGTTCAAGAGGC-1,Lamp5
ACTTCGCAGTGGCAGT-1,L5_IT
AGAGCAGGTAGTGTGG-1,L5_IT
TAGATCGGTCCAGGTC-1,L6_CT
TGGTTAGCACTAGAGG-1,L5_IT
AGGCCACCACAGTGAG-1,L23_IT
GTACAGTCACAACCGC-1,L23_IT
GTGGAGAGTCACCGCA-1,L5_IT
GAACGTTAGCAGAAAG-1,L5_IT
TCGAACAAGGAAACGA-1,L56_NP
AGTTCGAAGGAAGTGA-1,L23_IT
CCTTGTGGTCGGATTT-1,L5_IT
TACTTACCACGGCCAT-1,Lamp5
GACCGTGCATGTCGTA-1,L6_CT
GCGGATCCAGCGTTGC-1,L23_IT
AGTACCATCGTGCAGC-1,L5_IT
ATTTCTGTCATATGGC-1,L5_IT
CTGCATCCAACCCTAA-1,L5_IT
AGATGCTTCCATTCGC-1,L6_IT
CATAAGCGTAGGACCA-1,L5_IT
GTTTGGATCATTATCC-1,Lamp5
GTCGTTCTCTTCCTAA-1,Lamp5
TACGTCCCAGGCTATT-1,L5_IT
CATCGTCCATGGATCT-1,L23_IT
GAAGGGTCAAACCGGA-1,Vip
CTCATCGGTCAAAGCG-1,L6_CT
CTCCTTTGTTGACTAC-1,L5_IT
CTGATCCCACTTTATC-1,Lamp5
TGGGTTATCACCGGGT-1,L6_CT
GAGTCTAAGGGAACAA-1,L6_CT
AAGAACACACCTGAAT-1,L5_IT
ACACGCGCAGCTGAAG-1,L23_IT
ACGTAACAGGAAAGTG-1,L6_CT
ATACCGACAGGAGGAG-1,L6_CT
ATACCTTAGTACAACA-1,L5_IT
ATAGAGAGTCCAAAGG-1,L6_CT
ATAGGCTAGAGGCGTT-1,L6_CT
ATTATCCCAATCGCCG-1,L5_IT
CACGAATTCGGACTGC-1,L5_IT
CAGATCACAGAGCTAG-1,L5_IT
CAGCAATGTTTGACAC-1,L6_CT
CCACGTTCATTGCTGA-1,L5_IT
CGAGGAAAGACTTCAC-1,L23_IT
CGTTGGGTCATCACAG-1,L23_IT
CTTGATTTCCCTCATG-1,Lamp5
GGTGAAGTCCGATTAG-1,L23_IT
GTATTGGAGCAGGCTA-1,L5_IT
GTGACGCCATGGACAG-1,L5_IT
GTGCTTCAGGTACATA-1,L5_IT
GTTTGGAAGTGTACAA-1,L5_IT
TCCTCCCCACAGCCAC-1,Vip
TCGAAGTCATCCAACA-1,L5_IT
TGCTTGCTCCGACAGC-1,L23_IT
TGGGTTAGTACGTACT-1,L23_IT
TTACCGCAGAATCGTA-1,L5_IT
TTGGTTTGTCAGGAGT-1,L5_IT
TTTGACTGTACTCCGG-1,L23_IT
ACCATTTAGGATGTTA-1,L6_CT
GTCGAATAGATACAGT-1,L5_IT
TGCTCGTGTTCTTCAT-1,L6_CT
CCATCACGTGGCTTGC-1,Lamp5
TCAAGACAGCTAATGA-1,L23_IT
CAACCAAGTCGCGTCA-1,L23_IT
TCGGTCTGTACCTAAC-1,L56_NP
TTTCATGCATCTTAGG-1,L56_NP
CGTAGTATCCCTGTTG-1,L23_IT
GTCATCCCAGCTACCG-1,Lamp5
AGATCCACATTGTAGC-1,L23_IT
GCCAGCAGTTTCGACA-1,L5_IT
TCCGTGTCACACACGC-1,L6_CT
CTGAGGCAGTAGGTTA-1,L6_CT
CTACTATGTTACCTGA-1,L23_IT
AGATAGATCCCAAGCG-1,L5_IT
TAGACTGTCCTAAACG-1,L5_IT
GAGAGGTCATGAATCC-1,L23_IT
AGGATCTGTACCACGC-1,L23_IT
CAATTTCTCAGATTGC-1,L6b
GGGCTACAGGAGTATT-1,L5_IT
TGGATCACATGGCGCT-1,L5_IT
TCATTCAGTCCTACAA-1,L6_CT
AAGATAGAGGGATCGT-1,L5_IT
ACATCGAGTATCAGCT-1,L6_CT
CGGGTGTTCACCTCTG-1,L6_CT
ATGCCTCGTACCATAC-1,L6_IT
TGAGCGCTCACCTACC-1,L5_IT
TTTACGTAGGCTCCCA-1,L5_IT
GCCGATGGTCGTAATC-1,L5_IT
ATCACAGGTTAGCGGA-1,L5_IT
CGTGCTTTCCTAGCCT-1,L5_IT
ACAAAGAGTGTTTACG-1,L23_IT
CGCAGGTTCGAGATGG-1,Lamp5
GTGCTTCGTCGCTCGA-1,L6_IT
TGCACGGTCCCTTGTG-1,Lamp5
TATCAGGGTATGGAAT-1,L5_IT
GTGGCGTTCGTGACTA-1,L5_IT
ATGCATGCATAAGATG-1,Vip
CATAAGCGTGACTATC-1,L5_IT
GTAACACCAGCGACCT-1,Vip
ATCGATGGTCATCTAG-1,L56_NP
GGGTATTAGAGCAGTC-1,Vip
AGGGAGTGTAATCAGA-1,Lamp5
CATCAAGAGCTAGCCC-1,L6_CT
CTCAGAAGTCCTGTTC-1,L5_IT
GGAATCTGTGCCTTCT-1,L5_IT
GTCAAACTCTTGCAAG-1,L5_IT
ACGTTCCAGCACTCAT-1,Vip
AAACCCAAGTTGGACG-1,L6_IT
CTGATCCTCCTACAAG-1,L6_CT
TGCGGCACACGCTGAC-1,L5_IT
TTACGCCGTTACGGAG-1,L5_IT
TACAACGGTTCCGCTT-1,L5_IT
CCCATTGTCTGGGCGT-1,L6_CT
TGTCCACGTATCGTGT-1,L6_CT
CGATGCGCACCCAAGC-1,L5_IT
AACGAAAAGTATTCCG-1,L56_NP
AGCGATTTCAACACCA-1,L5_IT
CTCCTTTGTTGATGTC-1,Lamp5
GTGCTTCAGACGACGT-1,Vip
TAAGTCGAGAAAGCGA-1,L5_IT
GCCATTCCAAAGGTTA-1,L5_IT
GTCATGACAACAAGAT-1,L23_IT
CGCATGGCACTGTTCC-1,L5_IT
CTCCGATCAGGTCAGA-1,L5_IT
GTGCAGCCATAACTCG-1,L5_IT
GTGCAGCCACAGCTGC-1,L5_IT
ATTTCTGTCACACCCT-1,L23_IT
TGGATGTTCATCACTT-1,L6_IT
GTCCTCATCCAACCAA-1,L5_IT
CCGATCTCACGGTGAA-1,L5_IT
CGAGTGCAGTCTGGTT-1,L6_CT
CTTCCTTCATGGGATG-1,L23_IT
ACACTGAAGCATCAGG-1,L5_IT
ATCGGCGGTCATACCA-1,Vip
CAGCGTGGTTCCATTT-1,L23_IT
GAGTGTTTCCGTGTGG-1,L5_IT
CACGGGTCAGAGTCAG-1,L5_IT
TAGGTACTCCCTGGTT-1,L23_IT
TCATATCTCTACGGTA-1,L6_CT
TCAGGTAGTCGCACAC-1,L5_IT
TTTACGTTCTCGACCT-1,L5_IT
ATCTCTACAAGGATGC-1,Lamp5
CACAACACACTAACCA-1,Lamp5
GTCCACTAGCTGTACT-1,L5_IT
GTTTACTCAATAACCC-1,L5_IT
GAAACCTCAGATACTC-1,L5_ET
CGTTCTGAGTTGTAAG-1,L6_CT
CAACCAACAAGTTCCA-1,L6_CT
CGGGCATTCCCAGGCA-1,L5_IT
CACACAAGTGGATTTC-1,L23_IT
GCATTAGCACGCCAGT-1,L6_CT
AGACCCGCAATTAGGA-1,L5_IT
TTAGGCAAGGCTCAAG-1,L23_IT
TGTGCGGTCGCGATCG-1,L5_IT
ACGCACGTCTTGGTCC-1,L5_IT
CATTCCGTCAGTGGGA-1,L23_IT
CAAGACTGTAGAATGT-1,Vip
TCCATCGCAAGTTCCA-1,Lamp5
AATGAAGTCATGCAGT-1,L5_IT
ACTCTCGTCTGAGATC-1,L5_IT
ATTCTACTCTCCTGCA-1,L6_IT
TCCATGCAGTGTCATC-1,L5_IT
GACCCAGAGTCTGGAG-1,L6_IT
TGACTCCAGGTTAGTA-1,L23_IT
CTCATTACACTGAATC-1,L5_IT
TTGCCTGTCAATGTCG-1,L6_CT
TTCCTTCGTAACACGG-1,Lamp5
CCACTTGCAGAGATGC-1,L5_IT
ACTGTCCCATGACTTG-1,L5_IT
AGTACCAGTGGCTTAT-1,L23_IT
ATGATCGTCACAAGGG-1,L5_IT
CCTATCGTCAAAGGTA-1,L5_IT
CGACAGCCACTTTAGG-1,L23_IT
GAAATGACACAAGCCC-1,L23_IT
GTGCACGCAACGTATC-1,L23_IT
GTGGTTACAAATGAGT-1,L6_IT
TCAGGTAAGTTGGCGA-1,L5_IT
TTGGGCGAGAGAGTTT-1,L5_IT
GGGTGAATCACCTCAC-1,L5_IT
TGATTTCAGTCACGAG-1,L5_IT
CTGCATCGTTACCGTA-1,L5_IT
TAGACTGAGGCTCTAT-1,L5_IT
TTCCACGAGACCGTTT-1,L5_IT
TAGATCGAGGTGCTTT-1,L23_IT
TTACGCCTCGCCGTGA-1,L23_IT
TGCGATAAGTACGTCT-1,Lamp5
GTATTGGTCCCAAGCG-1,L5_IT
CATCAAGAGGGACACT-1,L5_IT
CAGCAATTCCTTGACC-1,L5_IT
AGTGTTGAGACTAAGT-1,L6_CT
ATCCACCTCCGATTAG-1,L23_IT
CGGGTGTTCGTGGCGT-1,L5_IT
TGCTTCGGTGCGGATA-1,L5_IT
AACGTCACACTATCGA-1,L23_IT
GCATCGGAGCGATGAC-1,L5_IT
ACTTAGGTCGCACTCT-1,L6_CT
GAAGGACAGGCATCTT-1,L56_NP
GATCACAAGGTAGCCA-1,Vip
ATTGGGTAGCTACTGT-1,L23_IT
TTAGGGTTCTATCACT-1,L5_IT
GTAGAAATCTGAGATC-1,L6_IT
GTCGAATTCTCTTGCG-1,L5_IT
AACCACATCCATCACC-1,L6_CT
ATACCTTAGCCGAACA-1,L5_IT
ATGTCTTGTATCGCGC-1,L5_IT
CAACCAAGTTAGGAGC-1,L56_NP
CCACACTAGAGAAGGT-1,Sst
CCTTGTGCATCACAGT-1,L5_IT
GAGTGTTTCACGAGGA-1,L5_IT
GCCATGGCAAAGCTCT-1,L6_CT
GTTACGAGTTTCGATG-1,L5_IT
GTTGCTCAGAACCGCA-1,L56_NP
TCAGCAAAGTCATAGA-1,L23_IT
TCATCATGTGGACAGT-1,L5_IT
TCTTTGAGTTACACAC-1,L23_IT
CAGCGTGTCTATCGTT-1,L6_CT
CATTGCCCATCGCCTT-1,L23_IT
TAACGACAGGATTCCT-1,L5_IT
AGGATAACATGTGTCA-1,L5_IT
AGTGCCGGTACGTACT-1,Vip
CAAGCTACACGTCGTG-1,L5_IT
ACCTACCGTGAGAGGG-1,L5_IT
TTGCGTCCAGCAGTGA-1,L6_CT
GTAGTACGTGACTGTT-1,L5_IT
AAGTCGTGTTTGATCG-1,Vip
ACAAGCTCACATGGTT-1,Lamp5
ACGATCATCATTGTTC-1,L5_IT
AGAAGTATCTGGCCTT-1,Lamp5
AGACCATGTTACCGTA-1,L5_IT
AGGACTTGTCCAATCA-1,L5_IT
ATTCCTAAGGTTGGTG-1,L6_CT
CATCCGTTCAATCCAG-1,L23_IT
CCATAAGAGTATGGAT-1,L5_IT
CTCCGATAGCGTCTGC-1,L5_IT
GAGTGTTGTCTGTAGT-1,L5_IT
GGACGTCCAGAGCCCT-1,L23_IT
GTCAAACAGCGCACAA-1,L5_IT
TAACGACAGGAATTAC-1,L5_IT
TATCAGGGTTGGGTTT-1,L5_IT
TATTGCTAGATGCTGG-1,L23_IT
AATTTCCCACGCGTCA-1,L6_CT
ATCGGATGTATTGGCT-1,L5_IT
ATCGGATTCTCCAAGA-1,L6_CT
CAGATTGCAATGAGCG-1,L6_CT
CGATGGCTCTGGGCCA-1,L5_IT
CGTTCTGTCAAACGAA-1,L23_IT
GAAGGACGTTAGGCTT-1,L56_NP
AATGCCACAGCATGCC-1,L5_IT
CCGTAGGCACCCTATC-1,L23_IT
GAGTCATCACAACATC-1,L23_IT
GGCTGTGAGGTCGTAG-1,L6_CT
GTGGGAAGTACAAAGT-1,L23_IT
ACTTCGCGTGACTAAA-1,L23_IT
CCGGGTAGTAAGATCA-1,L5_IT
TCATCCGCACCCAACG-1,Lamp5
TCGTCCAGTATCCTCC-1,L6_IT
AGGGTTTCAGACCTGC-1,L5_IT
CCAATGATCATGGATC-1,L6_CT
TCACAAGGTAACATGA-1,L5_IT
TGTTGAGTCGAGTACT-1,L6_IT
CTTTCAACAATCTCTT-1,L5_IT
CATGGATTCCTAGCCT-1,L5_IT
TTATTGCTCCCGAAAT-1,L5_IT
TCGAAGTAGAAATTGC-1,L6_CT
AGCTTCCCAGACCAGA-1,Sst
AACAAGAAGAAATCCA-1,L5_IT
CGGTCAGAGATGGCGT-1,L6_IT
TTTATGCCATTGTCGA-1,L23_IT
CCACGTTGTAATTGGA-1,L5_IT
TTAGGGTGTACTGTTG-1,L23_IT
ACTATGGAGTCAGAGC-1,L23_IT
ATGGGTTAGTAGGATT-1,Vip
ATTCCATCAACTCGTA-1,L5_IT
AGGACGAGTTTACACG-1,L23_IT
ACGGTCGCACAACCGC-1,L23_IT
TCGGTCTTCCTCTAGC-1,L6_CT
TACAACGAGTGGACTG-1,L23_IT
TTCAGGATCAGAATAG-1,L5_IT
GATTTCTTCCCTCGAT-1,L23_IT
GGGCTACTCTGTCTCG-1,L5_IT
AACCATGGTTTCGTGA-1,L5_IT
GTAATCGAGACGCATG-1,L23_IT
CAACGATCAAGCGCTC-1,L5_IT
AAAGGATTCTCTATAC-1,Lamp5
AACTTCTTCCCTCATG-1,L5_IT
ACATCCCCAGTAGTTC-1,L5_IT
ACTTAGGGTGAGACCA-1,L5_IT
CTTCCGAAGCGTCGAA-1,L5_IT
TCTCCGATCGCATTAG-1,L6_CT
AAGCATCTCCCGAATA-1,L5_IT
TTGTGTTAGAAGCGGG-1,L5_IT
GGCTTGGGTGACAGGT-1,Vip
TAATTCCGTGGCTACC-1,L6_CT
CTGCATCAGGATACAT-1,L5_IT
TTAGGGTAGCATCAAA-1,L56_NP
TCCACGTGTTCGGTTA-1,L5_IT
ATTGGGTGTTGGGTTT-1,L5_IT
AAGCCATCAGAGCTAG-1,L5_IT
AATTCCTCAGAAGCTG-1,L5_IT
TGTGGCGAGCCGATAG-1,L5_IT
AAGTCGTCATCTCGTC-1,L6_IT
CAACGGCCAACGATCT-1,L5_IT
GATGTTGCAGCTACCG-1,L23_IT
TTCTCTCGTGATTGGG-1,L23_IT
CAAGAGGAGTTTAGGA-1,L5_IT
TAACACGTCAAAGGTA-1,L6_CT
TCAAGACGTTTACTGG-1,L5_IT
GAGAGGTGTAACCCTA-1,L23_IT
TTTAGTCTCGGTCGAC-1,L6_IT
AACTTCTCACCAGTTA-1,L23_IT
CCGATGGAGCATTTGC-1,L56_NP
CTTGATTGTATACAGA-1,L5_IT
GAATAGACAGGTTCCG-1,L56_NP
ATCACAGTCTTACGTT-1,Sncg
TTCCGTGGTCTGTAGT-1,L6_CT
ATGAGGGCAACCACGC-1,L5_IT
GTGCGTGCAGGACTAG-1,Vip
TTCCACGTCTAGTGAC-1,L5_IT
CGCCATTGTCCTACAA-1,L6_CT
TTCTAACGTATTCCGA-1,L6_CT
AAGCATCCAGGAGACT-1,L6_CT
CCTGTTGAGCTTCTAG-1,L56_NP
GGGTAGACAAAGAGTT-1,L23_IT
TCACGCTCAAGGAGTC-1,L23_IT
ATGCATGCAGAGTAAT-1,L6_CT
ATTCAGGAGCATAGGC-1,L23_IT
GTTGTGAAGGATTTCC-1,L5_IT
TACGTCCAGCGACCCT-1,L5_IT
TGTTACTGTTCCAAAC-1,L23_IT
AGAACCTAGAAGAGCA-1,L23_IT
GCCCGAAGTAGCTGCC-1,L6_CT
GGGCCATGTTGTCTAG-1,L5_IT
GGTTCTCAGAGAACCC-1,L6_CT
TTCTTCCAGCTAGATA-1,L23_IT
GTGCGTGAGGCCCACT-1,L5_IT
TGTAGACGTAGAATGT-1,L23_IT
TCTCTGGGTAGGACCA-1,L5_IT
AAAGTCCCACAGCCAC-1,L5_IT
GATGAGGTCTAAGCCA-1,L6_CT
TAGCACATCGCAGTTA-1,L56_NP
TGCGATAAGATAGTGT-1,L5_IT
TTCATGTGTTAGTTCG-1,L6_CT
TCACACCCACTAGGCC-1,L6_CT
TCGAACATCGTTCTAT-1,L6_CT
GTGGTTATCGAACACT-1,L6_CT
TAACACGAGCGCACAA-1,L23_IT
ACATGCAAGTGCAGCA-1,L5_IT
GCTGAATCACGACAGA-1,L6_CT
TTACTGTTCTTTACAC-1,L5_IT
AACAGGGTCCACGTCT-1,L5_IT
CGGAACCTCACAGTGT-1,L5_IT
GCCCAGACATAACCCA-1,L5_IT
GCTTTCGGTACGGGAT-1,L5_IT
TGAGGTTTCTAGGCAT-1,L6_CT
GAAGGACCAGAACTAA-1,L6_CT
CATCGTCCATTGTAGC-1,L23_IT
GTAATGCGTTCGATTG-1,L23_IT
GATGATCCAGCGACCT-1,L56_NP
CCTTCAGCAGCCTTCT-1,L5_IT
GGGATGAAGCGTTAGG-1,L23_IT
CCTGTTGGTTTACTTC-1,L5_IT
TTACGCCAGATTGACA-1,L6_CT
AGTCTCCAGTCTTCGA-1,L23_IT
CTGTGGGAGGATTTCC-1,Lamp5
GCCAGTGCATGCAGCC-1,L23_IT
GGACGTCTCGTTATCT-1,L5_IT
TGGGCTGTCGATTGAC-1,L5_IT
TACAGGTAGAAGGTAG-1,L23_IT
CCGGGTACAAGTTCGT-1,L5_IT
ACGCACGGTCACTCGG-1,Sst
GGTGATTTCACCTACC-1,L5_IT
TCACACCAGCATCAAA-1,Sst
AATGACCGTTGCGAAG-1,L5_IT
AGGACGAAGCTGACTT-1,L5_IT
ACACAGTGTTAGGCTT-1,L5_IT
TTCTCTCTCAAGCCGC-1,Lamp5
ACTCCCATCTGCCTCA-1,L23_IT
ATTCTACAGAGCCATG-1,L6_CT
CATGCGGGTTAAACCC-1,Vip
GTTTACTAGGAACGAA-1,L5_IT
CTGTGGGAGATAGTGT-1,L23_IT
TCAGCAACACTGATTG-1,L23_IT
GACGTTAGTACGTACT-1,L23_IT
TCATGTTAGTGAGGTC-1,L23_IT
CGCATAATCGCCAGAC-1,L23_IT
TCAATCTAGGCTGTAG-1,L23_IT
ACTTTCACACAAGCAG-1,L23_IT
GGGTTATGTCATACCA-1,L5_IT
TGACGCGAGCTCCATA-1,L5_IT
CAGGCCAGTCACGACC-1,L5_IT
ATCTCTACAGTAACGG-1,L23_IT
TTGGGATAGGTACTGG-1,L23_IT
CAGATCAGTAGTTACC-1,L5_IT
AGGTGTTGTAGCGCCT-1,L23_IT
AAGTTCGCATCTATCT-1,L5_IT
GGAGATGAGGCGTTGA-1,L6_CT
TAACTTCCAGCCGTTG-1,Lamp5
CCCTCTCCATTCACAG-1,L23_IT
TTTCAGTCAGGATTCT-1,L5_IT
CACCAAACAGCTGCCA-1,L5_IT
TTGAGTGAGCATTTGC-1,L5_IT
AACCTGAGTTATCTTC-1,L5_IT
AATTTCCGTTCCGCTT-1,L5_IT
ACGTCCTTCGGACTTA-1,L5_IT
TCATTCAGTGGTTTGT-1,L6_CT
CAGCCAGTCCCTCGTA-1,Lamp5
TCAGGGCGTCTTGGTA-1,L5_IT
CTCTCGAAGCGCATCC-1,L5_IT
GTTGTCCAGCGAGTCA-1,Vip
TCCATCGCAATCCTTT-1,L5_IT
TTACGCCCACTGGCCA-1,L5_IT
ACGTTCCCATCTAACG-1,L5_IT
ACCACAATCGTCAAAC-1,L5_IT
ACATCGACAGACCTGC-1,L23_IT
AGGACGAGTCTGTCAA-1,L56_NP
GGGTATTTCGCGTGAC-1,L6_CT
CGAAGTTGTACGATTC-1,L56_NP
TACTTCAAGGTTGAGC-1,L5_IT
AGTTAGCCACATGTTG-1,L5_IT
ATTTACCTCTACACTT-1,L5_IT
CGATGCGCAATCTAGC-1,L5_IT
GGATGTTCATGTTACG-1,L5_IT
TGCGGCAGTGCCTACG-1,L5_IT
TAGCACAGTCTCGGGT-1,L5_IT
ATTTCACGTCTGTAGT-1,L6_CT
ATTCCATAGTGCTCGC-1,L6_CT
ACATCCCGTTCCAAAC-1,L5_IT
CATACAGCACTGAGTT-1,L5_IT
TAAGTCGAGAAACTGT-1,L5_IT
CTATCCGAGGGCGAGA-1,L23_IT
ATGGGTTCACGTTGGC-1,L5_IT
CATGCAACAATTGCTG-1,L5_IT
TCATTTGCAAACTAGA-1,L5_IT
AGGCTGCAGTAAAGCT-1,L23_IT
CACTGTCTCACCCTGT-1,L6_IT
GGGACAACACACTTAG-1,L6_CT
AGCGCCAAGAGAGGTA-1,L5_IT
CCCTAACCAGGTATGG-1,L5_IT
CAATACGCACATTACG-1,L5_IT
TGGATCAGTCGAGCAA-1,L5_IT
ACATTTCGTCGTTCAA-1,L6_IT
AGGGCTCCAGGAGGAG-1,L5_IT
CGATGCGTCTTCCTAA-1,L6_CT
GATGATCTCGCAATGT-1,L6_CT
TCATTCAGTAGCACGA-1,L5_IT
AGGAAATTCGCTTTAT-1,L23_IT
GTAACACCACTAGGCC-1,L6_CT
TGAATCGCATGTTACG-1,L5_IT
ACGATCATCGCTTAAG-1,L5_IT
CACTGAACACGTACTA-1,L23_IT
CAGAGCCAGGTATCTC-1,L5_IT
GGCTTTCGTTCAATCG-1,L23_IT
CTGAGGCAGAGAGCGG-1,L5_IT
GGTGTTAAGTCCTGCG-1,Vip
ATCGATGTCTGCATAG-1,L5_IT
GAGTCTACAGTGTACT-1,L5_IT
ACGTAGTTCACGATAC-1,L6_CT
GGTCTGGAGGCTTTCA-1,L5_IT
GGAGCAACATATGCGT-1,L5_IT
GGGATGATCATTGAGC-1,L23_IT
TGATGGTGTGGCTGAA-1,L5_IT
AAGCGAGTCGACACTA-1,L6_IT
ACACGCGGTTAGGCCC-1,L23_IT
GCCATGGTCGTGTCAA-1,L5_IT
AGTTAGCCATTCTTCA-1,L23_IT
TTTGTTGTCTGCACCT-1,L5_IT
AGACAGGTCCACGGAC-1,L5_IT
ATACCGAAGAGTATAC-1,L23_IT
CGAGGAAAGTGGCCTC-1,L5_IT
CGGTCAGGTTCTTGTT-1,L5_IT
GTGGGAACATTGGCAT-1,Lamp5
CAACGATGTTCGTGCG-1,L6_CT
TGCAGGCCAACGGGTA-1,L5_IT
GTGCACGCAGGATCTT-1,Sncg
ACTATTCAGGGCGAGA-1,L6_CT
CATCCCACACGGATCC-1,L5_IT
GCCTGTTAGCGACATG-1,L5_IT
CTGTATTGTGTGAATA-1,L23_IT
CAAGCTATCAAGTAAG-1,L23_IT
GTGGCGTGTTGGTGTT-1,L23_IT
GACCTTCGTGCAATGG-1,L56_NP
TGGTGATGTCTTGCTC-1,L5_IT
ATTCCTAGTCCAGCAC-1,L5_IT
AATAGAGGTGCCTTCT-1,Lamp5
TAGTGCATCGAGTCTA-1,L6_CT
GTATTGGCATGCCGAC-1,L5_IT
TGCAGTATCGACCACG-1,Vip
CATTCATCAAAGGATT-1,L5_IT
CCATCACAGCTAGCCC-1,L5_IT
ATCGTGAAGATGAATC-1,L23_IT
CACTGGGTCTACACTT-1,L5_IT
CCTATCGGTATGTCTG-1,L23_IT
CCTGTTGCAACAAAGT-1,L23_IT
TATTCCACACGCAGTC-1,L5_IT
TCATTCAGTGCCGTAC-1,L6_IT
AAGACTCAGAATCTAG-1,Lamp5
ACACCAAGTTCCGTTC-1,L5_IT
ACTGTGAAGTGGAATT-1,L5_IT
ATTCATCCACATACTG-1,L56_NP
CCTGTTGTCGGTCGGT-1,L6_IT
GCTACCTTCCGTCACT-1,Lamp5
GCTGGGTTCAAGAAAC-1,L5_IT
TACGGGCCACAACCGC-1,Lamp5
TATATCCGTGAATTAG-1,L5_IT
TCTAACTTCTGTCGCT-1,L5_ET
TGCATCCAGCCTCTCT-1,L6_IT
GCAACCGGTCACCGCA-1,L6_CT
GGGACCTCAAGTACCT-1,L5_IT
TAGACTGAGTCGTTAC-1,L6_CT
TAGCACAAGGCGCTCT-1,L6_CT
ATACTTCCACCTGTCT-1,L5_IT
ATCACAGAGCTCATAC-1,L5_IT
ATCACGAAGCCGATCC-1,L5_IT
CAGATTGTCGTTATCT-1,L5_IT
CATAGACAGTGCACCC-1,L6_IT
AAGCGAGGTTGCGGAA-1,L5_IT
ACTTCCGAGAGCGACT-1,L5_IT
CTGATCCAGGTACCTT-1,L5_IT
ACGTTCCGTTGAAGTA-1,L23_IT
ATGGGAGAGCCTATCA-1,L6_IT
CTACATTGTCGTGGTC-1,L23_IT
GAAGCCCGTCCCACGA-1,Vip
TCCTCGATCCTAGCCT-1,L6_IT
CATCCACCACGCAGTC-1,Lamp5
TAGACTGCAATCCTTT-1,L5_IT
AGGTCTAAGTTGCTCA-1,L5_IT
TGGGTTAAGGTACTGG-1,L5_IT
TCTATCAGTGCAATAA-1,L56_NP
GATCCCTGTCTCGCGA-1,L5_IT
GACATCAAGGCCTTCG-1,L6_CT
CAACAGTGTACACTCA-1,L23_IT
TCCCATGCAGCGCTTG-1,L5_IT
AACCTTTAGATGCAGC-1,L5_IT
AAGATAGGTATTCCTT-1,L23_IT
GCTGCAGAGCTGAGCA-1,L6_CT
CTCCCAAGTTCCTACC-1,L6_CT
TAGGGTTGTATGGAAT-1,L5_IT
ATGGATCCATGACAGG-1,L5_IT
TCGACCTAGCCAAGTG-1,L5_IT
TACCTCGAGAAGATCT-1,Sst
GGGTGTCCAGTTGCGC-1,L5_IT
TGATTCTTCGAACCTA-1,L5_IT
CTTCCGAGTATTTCTC-1,L5_IT
TGCTTGCAGAGCAGTC-1,L23_IT
TTACAGGAGTGGAATT-1,L5_IT
CTCCAACAGACGACGT-1,L5_IT
GCACGTGTCCATACTT-1,L23_IT
ACGTAACGTGGTCTCG-1,L23_IT
CCTCCTCCATGATGCT-1,L6_CT
GGAGAACTCGGTTAGT-1,L5_IT
TTCTAACAGGAAGTGA-1,L23_IT
CTGAGCGCATCCGTTC-1,L23_IT
AAAGGGCAGATGACAT-1,L5_IT
AACCTTTAGTCTTGGT-1,L5_IT
GCTCAAATCGATGCTA-1,L5_IT
AGGAATACAGTTAAAG-1,L6_IT
TACGGTAAGGTATAGT-1,L23_IT
GGATCTAGTTCTAACG-1,L5_IT
AACCACAAGAAGCTGC-1,L5_IT
ACAGGGAAGGTAGATT-1,L5_IT
TAAGCCAAGTATTCCG-1,L5_IT
TACGCTCCAATAGGAT-1,L5_IT
AGAGAGCCATTCCTAT-1,Vip
TGTTCTACAGTGTGCC-1,Lamp5
CATACAGGTTCTCCCA-1,L5_IT
CGTAAGTGTTTAGACC-1,L5_IT
ATACTTCCAAGGTACG-1,L56_NP
TAGGTACAGGCCTGAA-1,Vip
AGGAATACAAGGCGTA-1,L5_IT
ACCCTTGTCCAACCAA-1,L5_IT
TCATTACAGGCACCAA-1,L56_NP
TACGGTAGTTCCTAAG-1,L5_IT
GATGATCCAAAGGAGA-1,L5_IT
CTTCCTTCACCTTCCA-1,L23_IT
TCAGTCCGTGAGTGAC-1,L6_IT
GGTAATCAGGTAGCAC-1,L5_IT
GCCAGCATCACCCTTG-1,L5_IT
CAAGCTACAGAGGCTA-1,L5_IT
CTTCCTTCACTTGGCG-1,L5_IT
ACGTTCCGTTGTACGT-1,L56_NP
CAGGTATTCGGACTGC-1,Lamp5
AAACGCTAGATTAGCA-1,L5_IT
CCGATCTGTTGAGGAC-1,L23_IT
GTCAGCGGTGCACGCT-1,L23_IT
CAACGGCCAACATCGT-1,L6_IT
ATTCCATTCGTACCTC-1,L5_IT
CTCTCAGCAGCTGTAT-1,L5_IT
CTGGTCTTCAGTCAGT-1,L23_IT
GCAACCGGTTGCATGT-1,L5_IT
TACCGAAGTTGGGAAC-1,L56_NP
CGAATTGAGGCACCAA-1,L23_IT
TTACTGTTCTCCAAGA-1,L5_IT
GATGATCTCTCGACCT-1,L23_IT
TCTCCGATCCGTAGTA-1,Lamp5
CCCTCTCCAACAGCTT-1,Sst
TCATCCGAGATCACCT-1,L23_IT
GGGCTCACAGATGCGA-1,L23_IT
GCTTGGGCAAGCTGTT-1,L5_IT
TGAATCGCATCGGAGA-1,L23_IT
GTCACGGAGAGAGGTA-1,L23_IT
TTCCTCTTCGTCAAAC-1,L23_IT
AATTCCTAGGAGTACC-1,L5_IT
GACTATGCACGCTGAC-1,L6_IT
GCACGGTTCGCTTACC-1,L23_IT
CCTCTCCAGCTGAGCA-1,L5_IT
TCATTGTAGGTAACTA-1,L5_IT
TTTCACACAAGTTCGT-1,L6_CT
TTGGGATAGTGACACG-1,L23_IT
AAGCGTTAGTCGAATA-1,L23_IT
AGTGTTGAGACGCTCC-1,L6_CT
TTCCGGTGTAGGCAAC-1,L5_IT
AGGACTTTCGCAGATT-1,L5_IT
CTTCGGTGTCCCAAAT-1,L6_CT
GCATCTCAGTCAAGCG-1,L6_IT
GTTACAGCATCTATCT-1,Lamp5
TGACTCCGTACGCTTA-1,L56_NP
TTCTGTAGTGCTCCGA-1,L5_IT
AGATGCTGTGCACATT-1,L5_IT
TTTACCAAGTCGCCAC-1,L6_CT
TTTGGTTTCATGAGAA-1,L5_IT
TCTCACGAGTTCGCAT-1,L5_IT
GTAGATCAGACTCCGC-1,L6_CT
GGGCTCAAGTATGCAA-1,Vip
AAATGGAGTTCGGCTG-1,Lamp5
GGAGATGAGTAACCGG-1,L23_IT
TATATCCGTGCTCTTC-1,L23_IT
CCTCCAACAATTGCGT-1,L6_CT
TGTTCCGTCAGACCCG-1,Vip
GCATGATAGAAATTGC-1,L23_IT
ACTTAGGGTAACATGA-1,L56_NP
GCTTTCGCACCGAATT-1,L5_IT
TACCTGCAGCAGGTCA-1,L5_IT
GTCAGCGTCCGGTAAT-1,L5_IT
GACGTTAAGAGACAAG-1,L5_IT
CCGATCTAGGTTACCT-1,L5_IT
ATCGTAGGTACCCGCA-1,L5_ET
CAGAGCCGTACACGCC-1,L5_IT
CATCGCTAGATTGATG-1,L6_CT
CCCATTGGTCTACTGA-1,L5_IT
CGAGTTACAAATGAAC-1,Vip
GTAACACCAACGCATT-1,L6_CT
TAAGCGTAGGCGTTGA-1,Vip
TAGGTTGCACTACTTT-1,L5_IT
TCCTGCATCTTTGGAG-1,L5_IT
TGAGACTTCAGCATTG-1,L6_CT
AACGTCAAGTAGTCTC-1,L23_IT
CTGCATCCACACCAGC-1,Lamp5
GTAACCAAGGTACTGG-1,L5_IT
TTGGGTATCGTGCAGC-1,L5_IT
CGATGCGGTGAGACCA-1,L5_IT
AACCATGTCGAGTACT-1,L6_IT
AAGAACAAGCTACTAC-1,L5_IT
AGAGAATGTGAGACGT-1,L23_IT
AGGCATTAGAGCCTGA-1,L23_IT
AGTCATGCAGAGAATT-1,L5_IT
ATCCCTGGTGGCTTGC-1,L6_CT
CAAGAGGGTAGGCAAC-1,L5_IT
GACATCAAGACGCCAA-1,L5_IT
GATAGCTTCGGTATGT-1,Vip
GCAGGCTCACTTGTGA-1,L5_IT
GGAATCTGTTACGGAG-1,Lamp5
GGGTAGAAGACCAAAT-1,L5_IT
GTAGGTTTCGTAACAC-1,L5_IT
TAGGAGGGTCTCGGGT-1,L6_CT
TGCAGTATCACTTTGT-1,L5_IT
TGGGATTCAGAGGCTA-1,L23_IT
TTACTGTAGCATGCGA-1,L6_CT
TTCCTCTGTTTGCCGG-1,L5_IT
AAGACTCGTAGCGTAG-1,L6_CT
ACAAGCTGTGTTACAC-1,L5_IT
